-- phpMyAdmin SQL Dump
-- version 5.0.2
-- https://www.phpmyadmin.net/
--
-- Host: 127.0.0.1:3306
-- Generation Time: May 12, 2022 at 03:23 PM
-- Server version: 5.7.31
-- PHP Version: 7.3.21

SET SQL_MODE = "NO_AUTO_VALUE_ON_ZERO";
START TRANSACTION;
SET time_zone = "+00:00";


/*!40101 SET @OLD_CHARACTER_SET_CLIENT=@@CHARACTER_SET_CLIENT */;
/*!40101 SET @OLD_CHARACTER_SET_RESULTS=@@CHARACTER_SET_RESULTS */;
/*!40101 SET @OLD_COLLATION_CONNECTION=@@COLLATION_CONNECTION */;
/*!40101 SET NAMES utf8mb4 */;

--
-- Database: `fot_tecmis`
--

-- --------------------------------------------------------

--
-- Table structure for table `admin`
--

DROP TABLE IF EXISTS `admin`;
CREATE TABLE IF NOT EXISTS `admin` (
  `admin_id` varchar(20) NOT NULL,
  `f_name` varchar(255) NOT NULL,
  `l_name` varchar(255) NOT NULL,
  `address_l1` varchar(255) NOT NULL,
  `address_l2` varchar(255) NOT NULL,
  `gender` varchar(20) NOT NULL,
  `dob` date NOT NULL,
  `email` varchar(255) NOT NULL,
  `phone_num` varchar(20) NOT NULL,
  `admin_role` varchar(20) NOT NULL,
  PRIMARY KEY (`admin_id`)
) ENGINE=InnoDB DEFAULT CHARSET=utf8;

--
-- Dumping data for table `admin`
--

INSERT INTO `admin` (`admin_id`, `f_name`, `l_name`, `address_l1`, `address_l2`, `gender`, `dob`, `email`, `phone_num`, `admin_role`) VALUES
('AD100', 'K.G. Kumara', 'Karunathilaka', 'No. 50/255,\r\nFlower Road', 'Mirihana', 'Male', '1971-02-15', 'kgkumara@email.com', '0785498765', 'admin1'),
('AD102', 'G.G. Nilhan', 'Gunathilaka', 'No.684,\r\nAkuressa road,\r\nNupe', 'Mathara', 'Male', '1961-05-02', 'nilhan@emailcom', '0764587965', 'admin2'),
('AD103', 'H.M. Hasini', 'Thilakarathna', 'No.25,\r\nMihinthale road', 'Anuradhapura', 'Female', '1965-08-06', 'hasini@email.com', '0713698575', 'admin3');

-- --------------------------------------------------------

--
-- Stand-in structure for view `allstattendanceandca`
-- (See below for the actual view)
--
DROP VIEW IF EXISTS `allstattendanceandca`;
CREATE TABLE IF NOT EXISTS `allstattendanceandca` (
`index_num` varchar(20)
,`f_name` varchar(255)
,`l_name` varchar(255)
,`Attendance` tinyint(4)
,`exm_cmod_id` varchar(10)
,`CA_Marks` varchar(10)
);

-- --------------------------------------------------------

--
-- Table structure for table `attendance`
--

DROP TABLE IF EXISTS `attendance`;
CREATE TABLE IF NOT EXISTS `attendance` (
  `atte_id` int(11) NOT NULL AUTO_INCREMENT,
  `atte_st_id` varchar(20) NOT NULL,
  `atte_cmod_id` varchar(10) NOT NULL,
  `atte_date` date NOT NULL,
  `atte_condition` varchar(10) NOT NULL,
  `atte_level` tinyint(4) NOT NULL,
  PRIMARY KEY (`atte_id`)
) ENGINE=InnoDB AUTO_INCREMENT=481 DEFAULT CHARSET=utf8;

--
-- Dumping data for table `attendance`
--

INSERT INTO `attendance` (`atte_id`, `atte_st_id`, `atte_cmod_id`, `atte_date`, `atte_condition`, `atte_level`) VALUES
(11, 'TG/2019/001', 'CO 002', '2021-06-01', 'T', 1),
(12, 'TG/2019/002', 'CO 002', '2021-06-01', 'T', 1),
(13, 'TG/2019/003', 'CO 002', '2021-06-01', 'T', 1),
(14, 'TG/2019/004', 'CO 002', '2021-06-01', 'T', 1),
(15, 'TG/2019/005', 'CO 002', '2021-06-01', 'T', 1),
(16, 'TG/2019/006', 'CO 002', '2021-06-01', 'T', 0),
(17, 'TG/2019/007', 'CO 002', '2021-06-01', 'T', 1),
(18, 'TG/2019/008', 'CO 002', '2021-06-01', 'T', 1),
(19, 'TG/2019/009', 'CO 002', '2021-06-01', 'T', 1),
(20, 'TG/2019/010', 'CO 002', '2021-06-01', 'T', 0),
(21, 'TG/2019/001', 'CO 001', '2021-06-01', 'T', 1),
(22, 'TG/2019/002', 'CO 001', '2021-06-01', 'T', 1),
(23, 'TG/2019/003', 'CO 001', '2021-06-01', 'T', 1),
(24, 'TG/2019/004', 'CO 001', '2021-06-01', 'T', 1),
(25, 'TG/2019/005', 'CO 001', '2021-06-01', 'T', 1),
(26, 'TG/2019/006', 'CO 001', '2021-06-01', 'T', 0),
(27, 'TG/2019/007', 'CO 001', '2021-06-01', 'T', 1),
(28, 'TG/2019/008', 'CO 001', '2021-06-01', 'T', 1),
(29, 'TG/2019/009', 'CO 001', '2021-06-01', 'T', 1),
(30, 'TG/2019/010', 'CO 001', '2021-06-01', 'T', 0),
(31, 'TG/2019/001', 'CO 001', '2021-06-01', 'F', 1),
(32, 'TG/2019/002', 'CO 001', '2021-06-01', 'F', 1),
(33, 'TG/2019/003', 'CO 001', '2021-06-01', 'F', 1),
(34, 'TG/2019/004', 'CO 001', '2021-06-01', 'F', 1),
(35, 'TG/2019/005', 'CO 001', '2021-06-01', 'F', 1),
(36, 'TG/2019/006', 'CO 001', '2021-06-01', 'F', 0),
(37, 'TG/2019/007', 'CO 001', '2021-06-01', 'F', 1),
(38, 'TG/2019/008', 'CO 001', '2021-06-01', 'F', 1),
(39, 'TG/2019/009', 'CO 001', '2021-06-01', 'F', 1),
(40, 'TG/2019/010', 'CO 001', '2021-06-01', 'F', 0),
(41, 'TG/2019/001', 'CO 003', '2021-06-02', 'P', 0),
(42, 'TG/2019/002', 'CO 003', '2021-06-02', 'P', 0),
(43, 'TG/2019/003', 'CO 003', '2021-06-03', 'T', 1),
(44, 'TG/2019/004', 'CO 004', '2021-06-03', 'T', 1),
(45, 'TG/2019/005', 'CO 004', '2021-06-03', 'P', 1),
(46, 'TG/2019/006', 'CO 005', '2021-06-03', 'P', 0),
(47, 'TG/2019/007', 'CO 005', '2021-06-05', 'P', 1),
(48, 'TG/2019/008', 'CO 005', '2021-06-05', 'T', 0),
(49, 'TG/2019/009', 'CO 005', '2021-06-05', 'T', 1),
(50, 'TG/2019/010', 'CO 005', '2021-06-05', 'T', 0),
(51, 'TG/2019/001', 'CO 006', '2021-06-08', 'T', 1),
(52, 'TG/2019/002', 'CO 006', '2021-06-08', 'P', 0),
(53, 'TG/2019/003', 'CO 006', '2021-06-09', 'P', 0),
(54, 'TG/2019/004', 'CO 001', '2021-06-09', 'P', 1),
(55, 'TG/2019/005', 'CO 001', '2021-06-09', 'P', 0),
(56, 'TG/2019/006', 'CO 004', '2021-06-10', 'T', 0),
(57, 'TG/2019/007', 'CO 004', '2021-06-10', 'T', 1),
(58, 'TG/2019/008', 'CO 004', '2021-06-10', 'P', 1),
(59, 'TG/2019/009', 'CO 004', '2021-06-11', 'P', 1),
(60, 'TG/2019/010', 'CO 003', '2021-06-11', 'T', 0),
(61, 'TG/2019/001', 'CO 003', '2021-06-11', 'P', 1),
(62, 'TG/2019/002', 'CO 003', '2021-06-12', 'P', 1),
(63, 'TG/2019/003', 'CO 003', '2021-06-12', 'P', 1),
(64, 'TG/2019/004', 'CO 003', '2021-06-12', 'P', 0),
(65, 'TG/2019/005', 'CO 001', '2021-06-13', 'P', 1),
(66, 'TG/2019/006', 'CO 004', '2021-06-13', 'T', 0),
(67, 'TG/2019/007', 'CO 004', '2021-06-14', 'T', 1),
(68, 'TG/2019/008', 'CO 005', '2021-06-14', 'T', 1),
(69, 'TG/2019/009', 'CO 005', '2021-06-14', 'T', 1),
(70, 'TG/2019/010', 'CO 005', '2021-06-14', 'T', 0),
(71, 'TG/2019/001', 'CO 004', '2021-05-03', 'T', 1),
(72, 'TG/2019/002', 'CO 004', '2021-05-03', 'T', 1),
(73, 'TG/2019/003', 'CO 004', '2021-05-03', 'T', 1),
(74, 'TG/2019/004', 'CO 004', '2021-05-03', 'T', 1),
(75, 'TG/2019/005', 'CO 004', '2021-05-03', 'P', 1),
(76, 'TG/2019/006', 'CO 004', '2021-05-03', 'P', 0),
(77, 'TG/2019/007', 'CO 004', '2021-05-04', 'P', 1),
(78, 'TG/2019/008', 'CO 005', '2021-05-04', 'P', 1),
(79, 'TG/2019/009', 'CO 005', '2021-05-04', 'T', 1),
(80, 'TG/2019/010', 'CO 005', '2021-05-04', 'T', 0),
(81, 'TG/2019/001', 'CO 005', '2021-05-04', 'P', 1),
(82, 'TG/2019/002', 'CO 006', '2021-05-01', 'T', 1),
(83, 'TG/2019/003', 'CO 006', '2021-05-01', 'P', 1),
(84, 'TG/2019/004', 'CO 006', '2021-05-01', 'T', 1),
(85, 'TG/2019/005', 'CO 001', '2021-05-01', 'P', 1),
(86, 'TG/2019/006', 'CO 001', '2021-05-01', 'P', 0),
(87, 'TG/2019/007', 'CO 001', '2021-05-02', 'T', 1),
(88, 'TG/2019/008', 'CO 004', '2021-05-02', 'T', 1),
(89, 'TG/2019/009', 'CO 004', '2021-05-02', 'P', 1),
(90, 'TG/2019/010', 'CO 004', '2021-05-02', 'T', 0),
(91, 'TG/2019/001', 'CO 004', '2021-05-02', 'P', 1),
(92, 'TG/2019/002', 'CO 006', '2021-05-08', 'P', 1),
(93, 'TG/2019/003', 'CO 006', '2021-05-08', 'P', 1),
(94, 'TG/2019/004', 'CO 006', '2021-05-08', 'P', 1),
(95, 'TG/2019/005', 'CO 006', '2021-05-08', 'P', 1),
(96, 'TG/2019/006', 'CO 006', '2021-05-08', 'P', 0),
(97, 'TG/2019/007', 'CO 006', '2021-05-07', 'T', 1),
(98, 'TG/2019/008', 'CO 003', '2021-05-07', 'T', 1),
(99, 'TG/2019/009', 'CO 003', '2021-05-07', 'T', 1),
(100, 'TG/2019/010', 'CO 003', '2021-05-07', 'T', 0),
(101, 'TG/2019/001', 'CO 006', '2021-04-08', 'P', 1),
(102, 'TG/2019/002', 'CO 006', '2021-04-08', 'P', 1),
(103, 'TG/2019/003', 'CO 006', '2021-04-08', 'P', 1),
(104, 'TG/2019/004', 'CO 006', '2021-04-08', 'P', 1),
(105, 'TG/2019/005', 'CO 006', '2021-04-08', 'P', 1),
(106, 'TG/2019/006', 'CO 005', '2021-04-08', 'T', 0),
(107, 'TG/2019/007', 'CO 005', '2021-04-08', 'P', 1),
(108, 'TG/2019/008', 'CO 005', '2021-04-08', 'P', 1),
(109, 'TG/2019/009', 'CO 005', '2021-04-02', 'T', 1),
(110, 'TG/2019/010', 'CO 005', '2021-04-02', 'T', 0),
(111, 'TG/2019/001', 'CO 004', '2021-04-02', 'P', 1),
(112, 'TG/2019/002', 'CO 004', '2021-04-02', 'P', 1),
(113, 'TG/2019/003', 'CO 004', '2021-04-02', 'P', 1),
(114, 'TG/2019/004', 'CO 004', '2021-04-02', 'T', 1),
(115, 'TG/2019/005', 'CO 004', '2021-04-07', 'T', 1),
(116, 'TG/2019/006', 'CO 003', '2021-04-07', 'T', 0),
(117, 'TG/2019/007', 'CO 003', '2021-04-07', 'P', 1),
(118, 'TG/2019/008', 'CO 003', '2021-04-07', 'T', 1),
(119, 'TG/2019/009', 'CO 003', '2021-04-07', 'T', 1),
(120, 'TG/2019/010', 'CO 003', '2021-04-07', 'T', 0),
(121, 'TG/2019/001', 'CO 001', '2021-04-07', 'P', 1),
(122, 'TG/2019/002', 'CO 001', '2021-04-07', 'P', 1),
(123, 'TG/2019/003', 'CO 001', '2021-04-06', 'P', 1),
(124, 'TG/2019/004', 'CO 001', '2021-04-06', 'P', 1),
(125, 'TG/2019/005', 'CO 001', '2021-04-06', 'P', 1),
(126, 'TG/2019/006', 'CO 006', '2021-04-06', 'T', 0),
(127, 'TG/2019/007', 'CO 006', '2021-04-06', 'T', 1),
(128, 'TG/2019/008', 'CO 006', '2021-04-06', 'T', 1),
(129, 'TG/2019/009', 'CO 006', '2021-04-06', 'T', 1),
(130, 'TG/2019/010', 'CO 006', '2021-04-06', 'T', 0),
(131, 'TG/2019/001', 'CO 001', '2021-07-01', 'T', 1),
(132, 'TG/2019/002', 'CO 001', '2021-07-01', 'T', 1),
(133, 'TG/2019/003', 'CO 001', '2021-07-01', 'T', 1),
(134, 'TG/2019/004', 'CO 001', '2021-07-01', 'P', 1),
(135, 'TG/2019/005', 'CO 001', '2021-07-01', 'P', 1),
(136, 'TG/2019/006', 'CO 003', '2021-07-01', 'P', 0),
(137, 'TG/2019/007', 'CO 003', '2021-07-01', 'P', 1),
(138, 'TG/2019/008', 'CO 003', '2021-07-01', 'P', 1),
(139, 'TG/2019/009', 'CO 003', '2021-07-01', 'P', 1),
(140, 'TG/2019/010', 'CO 003', '2021-07-01', 'P', 0),
(141, 'TG/2019/001', 'CO 004', '2021-07-01', 'T', 1),
(142, 'TG/2019/002', 'CO 004', '2021-07-01', 'T', 1),
(143, 'TG/2019/003', 'CO 004', '2021-07-01', 'T', 1),
(144, 'TG/2019/004', 'CO 004', '2021-07-01', 'P', 1),
(145, 'TG/2019/005', 'CO 004', '2021-07-01', 'P', 1),
(146, 'TG/2019/006', 'CO 005', '2021-07-01', 'T', 0),
(147, 'TG/2019/007', 'CO 005', '2021-07-01', 'P', 1),
(148, 'TG/2019/008', 'CO 005', '2021-07-01', 'T', 1),
(149, 'TG/2019/009', 'CO 005', '2021-07-01', 'T', 1),
(150, 'TG/2019/010', 'CO 005', '2021-07-01', 'T', 0),
(151, 'TG/2019/001', 'CO 006', '2021-07-01', 'P', 1),
(152, 'TG/2019/002', 'CO 006', '2021-07-01', 'P', 1),
(153, 'TG/2019/003', 'CO 006', '2021-07-01', 'P', 1),
(154, 'TG/2019/004', 'CO 006', '2021-07-01', 'P', 1),
(155, 'TG/2019/005', 'CO 006', '2021-07-01', 'P', 1),
(156, 'TG/2019/006', 'CO 001', '2021-07-01', 'P', 0),
(157, 'TG/2019/007', 'CO 001', '2021-07-01', 'P', 1),
(158, 'TG/2019/008', 'CO 001', '2021-07-01', 'T', 1),
(159, 'TG/2019/009', 'CO 001', '2021-07-01', 'T', 1),
(160, 'TG/2019/010', 'CO 001', '2021-07-01', 'T', 0),
(161, 'TG/2019/001', 'CO 002', '2021-06-21', 'T', 1),
(162, 'TG/2019/002', 'CO 002', '2021-06-21', 'T', 1),
(163, 'TG/2019/003', 'CO 002', '2021-06-21', 'T', 1),
(164, 'TG/2019/004', 'CO 002', '2021-06-21', 'T', 1),
(165, 'TG/2019/005', 'CO 002', '2021-06-21', 'T', 1),
(166, 'TG/2019/006', 'CO 002', '2021-06-22', 'T', 0),
(167, 'TG/2019/007', 'CO 002', '2021-06-22', 'T', 1),
(168, 'TG/2019/008', 'CO 002', '2021-06-22', 'T', 1),
(169, 'TG/2019/009', 'CO 002', '2021-06-22', 'T', 1),
(170, 'TG/2019/010', 'CO 002', '2021-06-22', 'T', 0),
(171, 'TG/2019/001', 'CO 001', '2021-06-23', 'T', 1),
(172, 'TG/2019/002', 'CO 001', '2021-06-23', 'T', 1),
(173, 'TG/2019/003', 'CO 001', '2021-06-23', 'T', 1),
(174, 'TG/2019/004', 'CO 001', '2021-06-23', 'T', 1),
(175, 'TG/2019/005', 'CO 001', '2021-06-23', 'T', 1),
(176, 'TG/2019/006', 'CO 001', '2021-06-24', 'T', 0),
(177, 'TG/2019/007', 'CO 001', '2021-06-24', 'P', 1),
(178, 'TG/2019/008', 'CO 001', '2021-06-24', 'P', 1),
(179, 'TG/2019/009', 'CO 001', '2021-06-24', 'P', 1),
(180, 'TG/2019/010', 'CO 001', '2021-06-24', 'P', 0),
(181, 'TG/2019/001', 'CO 001', '2021-06-25', 'P', 1),
(182, 'TG/2019/002', 'CO 001', '2021-06-25', 'P', 1),
(183, 'TG/2019/003', 'CO 001', '2021-06-25', 'P', 1),
(184, 'TG/2019/004', 'CO 001', '2021-06-25', 'P', 1),
(185, 'TG/2019/005', 'CO 001', '2021-06-25', 'P', 1),
(186, 'TG/2019/006', 'CO 001', '2021-06-26', 'P', 0),
(187, 'TG/2019/007', 'CO 001', '2021-06-26', 'P', 1),
(188, 'TG/2019/008', 'CO 001', '2021-06-26', 'P', 1),
(189, 'TG/2019/009', 'CO 001', '2021-06-26', 'P', 1),
(190, 'TG/2019/010', 'CO 001', '2021-06-26', 'P', 0),
(191, 'TG/2019/001', 'CO 003', '2021-06-11', 'P', 0),
(192, 'TG/2019/002', 'CO 003', '2021-06-11', 'P', 0),
(193, 'TG/2019/003', 'CO 003', '2021-06-11', 'T', 1),
(194, 'TG/2019/004', 'CO 004', '2021-06-11', 'T', 1),
(195, 'TG/2019/005', 'CO 004', '2021-06-11', 'P', 1),
(196, 'TG/2019/006', 'CO 005', '2021-06-12', 'P', 0),
(197, 'TG/2019/007', 'CO 005', '2021-06-12', 'P', 1),
(198, 'TG/2019/008', 'CO 005', '2021-06-12', 'T', 0),
(199, 'TG/2019/009', 'CO 005', '2021-06-12', 'T', 1),
(200, 'TG/2019/010', 'CO 005', '2021-06-12', 'T', 0),
(201, 'TG/2019/001', 'CO 006', '2021-06-13', 'T', 1),
(202, 'TG/2019/002', 'CO 006', '2021-06-13', 'P', 0),
(203, 'TG/2019/003', 'CO 006', '2021-06-13', 'P', 0),
(204, 'TG/2019/004', 'CO 001', '2021-06-13', 'P', 1),
(205, 'TG/2019/005', 'CO 001', '2021-06-13', 'P', 0),
(206, 'TG/2019/006', 'CO 004', '2021-06-14', 'T', 0),
(207, 'TG/2019/007', 'CO 004', '2021-06-14', 'T', 1),
(208, 'TG/2019/008', 'CO 004', '2021-06-14', 'P', 1),
(209, 'TG/2019/009', 'CO 004', '2021-06-14', 'P', 1),
(210, 'TG/2019/010', 'CO 003', '2021-06-14', 'T', 0),
(211, 'TG/2019/001', 'CO 003', '2021-06-15', 'P', 1),
(212, 'TG/2019/002', 'CO 003', '2021-06-15', 'P', 1),
(213, 'TG/2019/003', 'CO 003', '2021-06-15', 'P', 1),
(214, 'TG/2019/004', 'CO 003', '2021-06-15', 'P', 0),
(215, 'TG/2019/005', 'CO 001', '2021-06-15', 'P', 1),
(216, 'TG/2019/006', 'CO 004', '2021-06-16', 'T', 0),
(217, 'TG/2019/007', 'CO 004', '2021-06-16', 'T', 1),
(218, 'TG/2019/008', 'CO 005', '2021-06-16', 'T', 1),
(219, 'TG/2019/009', 'CO 005', '2021-06-16', 'T', 1),
(220, 'TG/2019/010', 'CO 005', '2021-06-16', 'T', 0),
(221, 'TG/2019/001', 'CO 004', '2021-05-17', 'T', 1),
(222, 'TG/2019/002', 'CO 004', '2021-05-17', 'T', 1),
(223, 'TG/2019/003', 'CO 004', '2021-05-17', 'T', 1),
(224, 'TG/2019/004', 'CO 004', '2021-05-17', 'T', 1),
(225, 'TG/2019/005', 'CO 004', '2021-05-17', 'P', 1),
(226, 'TG/2019/006', 'CO 004', '2021-05-18', 'P', 0),
(227, 'TG/2019/007', 'CO 004', '2021-05-18', 'P', 1),
(228, 'TG/2019/008', 'CO 005', '2021-05-18', 'P', 1),
(229, 'TG/2019/009', 'CO 005', '2021-05-18', 'T', 1),
(230, 'TG/2019/010', 'CO 005', '2021-05-18', 'T', 0),
(231, 'TG/2019/001', 'CO 005', '2021-05-19', 'P', 1),
(232, 'TG/2019/002', 'CO 006', '2021-05-19', 'T', 1),
(233, 'TG/2019/003', 'CO 006', '2021-05-19', 'P', 1),
(234, 'TG/2019/004', 'CO 006', '2021-05-19', 'T', 1),
(235, 'TG/2019/005', 'CO 001', '2021-05-19', 'P', 1),
(236, 'TG/2019/006', 'CO 001', '2021-05-20', 'P', 0),
(237, 'TG/2019/007', 'CO 001', '2021-05-20', 'T', 1),
(238, 'TG/2019/008', 'CO 004', '2021-05-20', 'T', 1),
(239, 'TG/2019/009', 'CO 004', '2021-05-20', 'P', 1),
(240, 'TG/2019/010', 'CO 004', '2021-05-20', 'T', 0),
(241, 'TG/2019/001', 'CO 004', '2021-05-21', 'P', 1),
(242, 'TG/2019/002', 'CO 006', '2021-05-21', 'P', 1),
(243, 'TG/2019/003', 'CO 006', '2021-05-21', 'P', 1),
(244, 'TG/2019/004', 'CO 006', '2021-05-21', 'P', 1),
(245, 'TG/2019/005', 'CO 006', '2021-05-21', 'P', 1),
(246, 'TG/2019/006', 'CO 006', '2021-05-22', 'P', 0),
(247, 'TG/2019/007', 'CO 006', '2021-05-22', 'T', 1),
(248, 'TG/2019/008', 'CO 003', '2021-05-22', 'T', 1),
(249, 'TG/2019/009', 'CO 003', '2021-05-22', 'T', 1),
(250, 'TG/2019/010', 'CO 003', '2021-05-22', 'T', 0),
(251, 'TG/2019/001', 'CO 006', '2021-04-23', 'P', 1),
(252, 'TG/2019/002', 'CO 006', '2021-04-23', 'P', 1),
(253, 'TG/2019/003', 'CO 006', '2021-04-23', 'P', 1),
(254, 'TG/2019/004', 'CO 006', '2021-04-23', 'P', 1),
(255, 'TG/2019/005', 'CO 006', '2021-04-23', 'P', 1),
(256, 'TG/2019/006', 'CO 005', '2021-04-23', 'T', 0),
(257, 'TG/2019/007', 'CO 005', '2021-04-24', 'P', 1),
(258, 'TG/2019/008', 'CO 005', '2021-04-24', 'P', 1),
(259, 'TG/2019/009', 'CO 005', '2021-04-24', 'T', 1),
(260, 'TG/2019/010', 'CO 005', '2021-04-24', 'T', 0),
(271, 'TG/2019/001', 'CO 004', '2021-04-24', 'P', 1),
(272, 'TG/2019/002', 'CO 004', '2021-04-25', 'P', 1),
(273, 'TG/2019/003', 'CO 004', '2021-04-25', 'P', 1),
(274, 'TG/2019/004', 'CO 004', '2021-04-25', 'T', 1),
(275, 'TG/2019/005', 'CO 004', '2021-04-25', 'T', 1),
(276, 'TG/2019/006', 'CO 003', '2021-04-25', 'T', 0),
(277, 'TG/2019/007', 'CO 003', '2021-04-26', 'P', 1),
(278, 'TG/2019/008', 'CO 003', '2021-04-26', 'T', 1),
(279, 'TG/2019/009', 'CO 003', '2021-04-26', 'T', 1),
(280, 'TG/2019/010', 'CO 003', '2021-04-26', 'T', 0),
(281, 'TG/2019/001', 'CO 001', '2021-04-26', 'P', 1),
(282, 'TG/2019/002', 'CO 001', '2021-04-27', 'P', 1),
(283, 'TG/2019/003', 'CO 001', '2021-04-27', 'P', 1),
(284, 'TG/2019/004', 'CO 001', '2021-04-27', 'P', 1),
(285, 'TG/2019/005', 'CO 001', '2021-04-27', 'P', 1),
(286, 'TG/2019/006', 'CO 006', '2021-04-27', 'T', 0),
(287, 'TG/2019/007', 'CO 006', '2021-04-28', 'T', 1),
(288, 'TG/2019/008', 'CO 006', '2021-04-28', 'T', 1),
(289, 'TG/2019/009', 'CO 006', '2021-04-28', 'T', 1),
(300, 'TG/2019/010', 'CO 006', '2021-04-28', 'T', 0),
(301, 'TG/2019/001', 'CO 001', '2021-07-30', 'T', 1),
(302, 'TG/2019/002', 'CO 001', '2021-07-30', 'T', 1),
(303, 'TG/2019/003', 'CO 001', '2021-07-30', 'T', 1),
(304, 'TG/2019/004', 'CO 001', '2021-07-30', 'P', 1),
(305, 'TG/2019/005', 'CO 001', '2021-07-30', 'P', 1),
(306, 'TG/2019/006', 'CO 003', '2021-07-30', 'P', 0),
(307, 'TG/2019/007', 'CO 003', '2021-07-30', 'P', 1),
(308, 'TG/2019/008', 'CO 003', '2021-07-30', 'P', 1),
(309, 'TG/2019/009', 'CO 003', '2021-07-30', 'P', 1),
(310, 'TG/2019/010', 'CO 003', '2021-07-30', 'P', 0),
(311, 'TG/2019/001', 'CO 004', '2021-07-30', 'T', 1),
(312, 'TG/2019/002', 'CO 004', '2021-07-30', 'T', 1),
(313, 'TG/2019/003', 'CO 004', '2021-07-30', 'T', 1),
(314, 'TG/2019/004', 'CO 004', '2021-07-30', 'P', 1),
(315, 'TG/2019/005', 'CO 004', '2021-07-30', 'P', 1),
(316, 'TG/2019/006', 'CO 005', '2021-07-31', 'T', 0),
(317, 'TG/2019/007', 'CO 005', '2021-07-31', 'P', 1),
(318, 'TG/2019/008', 'CO 005', '2021-07-31', 'T', 1),
(319, 'TG/2019/009', 'CO 005', '2021-07-31', 'T', 1),
(320, 'TG/2019/010', 'CO 005', '2021-07-31', 'T', 0),
(321, 'TG/2019/001', 'CO 006', '2021-07-31', 'P', 1),
(322, 'TG/2019/002', 'CO 006', '2021-07-31', 'P', 1),
(323, 'TG/2019/003', 'CO 006', '2021-07-31', 'P', 1),
(324, 'TG/2019/004', 'CO 006', '2021-07-31', 'P', 1),
(325, 'TG/2019/005', 'CO 006', '2021-07-31', 'P', 1),
(326, 'TG/2019/006', 'CO 001', '2021-07-31', 'P', 0),
(327, 'TG/2019/007', 'CO 001', '2021-07-31', 'P', 1),
(328, 'TG/2019/008', 'CO 001', '2021-07-31', 'T', 1),
(329, 'TG/2019/009', 'CO 001', '2021-07-31', 'T', 1),
(330, 'TG/2019/010', 'CO 001', '2021-07-31', 'T', 0),
(331, 'TG/2019/001', 'CO 002', '2021-06-02', 'T', 1),
(332, 'TG/2019/002', 'CO 002', '2021-06-02', 'T', 1),
(333, 'TG/2019/003', 'CO 002', '2021-06-02', 'T', 1),
(334, 'TG/2019/004', 'CO 002', '2021-06-02', 'T', 1),
(335, 'TG/2019/005', 'CO 002', '2021-06-02', 'T', 1),
(336, 'TG/2019/006', 'CO 002', '2021-06-02', 'T', 0),
(337, 'TG/2019/007', 'CO 002', '2021-06-02', 'T', 1),
(338, 'TG/2019/008', 'CO 002', '2021-06-02', 'T', 1),
(339, 'TG/2019/009', 'CO 002', '2021-06-02', 'T', 1),
(340, 'TG/2019/010', 'CO 001', '2021-06-03', 'P', 0),
(341, 'TG/2019/001', 'CO 003', '2021-06-04', 'P', 0),
(342, 'TG/2019/002', 'CO 003', '2021-06-04', 'P', 0),
(343, 'TG/2019/003', 'CO 003', '2021-06-04', 'T', 1),
(344, 'TG/2019/004', 'CO 004', '2021-06-04', 'T', 1),
(345, 'TG/2019/005', 'CO 004', '2021-06-04', 'P', 1),
(346, 'TG/2019/006', 'CO 005', '2021-06-04', 'P', 0),
(347, 'TG/2019/007', 'CO 005', '2021-06-04', 'P', 1),
(348, 'TG/2019/008', 'CO 005', '2021-06-04', 'T', 0),
(349, 'TG/2019/009', 'CO 005', '2021-06-04', 'T', 1),
(350, 'TG/2019/010', 'CO 005', '2021-06-04', 'T', 0),
(351, 'TG/2019/001', 'CO 006', '2021-06-04', 'T', 1),
(352, 'TG/2019/002', 'CO 006', '2021-06-04', 'P', 0),
(353, 'TG/2019/003', 'CO 006', '2021-06-04', 'P', 0),
(354, 'TG/2019/004', 'CO 001', '2021-06-04', 'P', 1),
(355, 'TG/2019/005', 'CO 001', '2021-06-04', 'P', 0),
(356, 'TG/2019/006', 'CO 004', '2021-06-05', 'T', 0),
(357, 'TG/2019/007', 'CO 004', '2021-06-05', 'T', 1),
(358, 'TG/2019/008', 'CO 004', '2021-06-05', 'P', 1),
(359, 'TG/2019/009', 'CO 004', '2021-06-05', 'P', 1),
(360, 'TG/2019/010', 'CO 003', '2021-06-05', 'T', 0),
(361, 'TG/2019/001', 'CO 003', '2021-06-05', 'P', 1),
(362, 'TG/2019/002', 'CO 003', '2021-06-05', 'P', 1),
(363, 'TG/2019/003', 'CO 003', '2021-06-05', 'P', 1),
(364, 'TG/2019/004', 'CO 003', '2021-06-05', 'P', 0),
(365, 'TG/2019/005', 'CO 001', '2021-06-05', 'P', 1),
(366, 'TG/2019/006', 'CO 004', '2021-06-05', 'T', 0),
(367, 'TG/2019/007', 'CO 004', '2021-06-05', 'T', 1),
(368, 'TG/2019/008', 'CO 005', '2021-06-05', 'T', 1),
(369, 'TG/2019/009', 'CO 005', '2021-06-05', 'T', 1),
(370, 'TG/2019/010', 'CO 005', '2021-06-05', 'T', 0),
(371, 'TG/2019/001', 'CO 004', '2021-05-06', 'T', 1),
(372, 'TG/2019/002', 'CO 004', '2021-05-06', 'T', 1),
(373, 'TG/2019/003', 'CO 004', '2021-05-06', 'T', 1),
(374, 'TG/2019/004', 'CO 004', '2021-05-06', 'T', 1),
(375, 'TG/2019/005', 'CO 004', '2021-05-06', 'P', 1),
(376, 'TG/2019/006', 'CO 004', '2021-05-06', 'P', 0),
(377, 'TG/2019/007', 'CO 004', '2021-05-06', 'P', 1),
(378, 'TG/2019/008', 'CO 005', '2021-05-06', 'P', 1),
(379, 'TG/2019/009', 'CO 005', '2021-05-06', 'T', 1),
(380, 'TG/2019/010', 'CO 005', '2021-05-06', 'T', 0),
(381, 'TG/2019/001', 'CO 005', '2021-05-06', 'P', 1),
(382, 'TG/2019/002', 'CO 006', '2021-05-06', 'T', 1),
(383, 'TG/2019/003', 'CO 006', '2021-05-06', 'P', 1),
(384, 'TG/2019/004', 'CO 006', '2021-05-06', 'T', 1),
(385, 'TG/2019/005', 'CO 001', '2021-05-06', 'P', 1),
(386, 'TG/2019/006', 'CO 001', '2021-05-07', 'P', 0),
(387, 'TG/2019/007', 'CO 001', '2021-05-07', 'T', 1),
(388, 'TG/2019/008', 'CO 004', '2021-05-07', 'T', 1),
(389, 'TG/2019/009', 'CO 004', '2021-05-07', 'P', 1),
(390, 'TG/2019/010', 'CO 004', '2021-05-07', 'T', 0),
(391, 'TG/2019/001', 'CO 004', '2021-05-07', 'P', 1),
(392, 'TG/2019/002', 'CO 006', '2021-05-07', 'P', 1),
(393, 'TG/2019/003', 'CO 006', '2021-05-07', 'P', 1),
(394, 'TG/2019/004', 'CO 006', '2021-05-07', 'P', 1),
(395, 'TG/2019/005', 'CO 006', '2021-05-07', 'P', 1),
(396, 'TG/2019/006', 'CO 006', '2021-05-07', 'P', 0),
(397, 'TG/2019/007', 'CO 006', '2021-05-07', 'T', 1),
(398, 'TG/2019/008', 'CO 003', '2021-05-07', 'T', 1),
(399, 'TG/2019/009', 'CO 003', '2021-05-07', 'T', 1),
(400, 'TG/2019/010', 'CO 003', '2021-05-07', 'T', 0),
(401, 'TG/2019/001', 'CO 006', '2021-04-08', 'P', 1),
(402, 'TG/2019/002', 'CO 006', '2021-04-08', 'P', 1),
(403, 'TG/2019/003', 'CO 006', '2021-04-08', 'P', 1),
(404, 'TG/2019/004', 'CO 006', '2021-04-08', 'P', 1),
(405, 'TG/2019/005', 'CO 006', '2021-04-08', 'P', 1),
(406, 'TG/2019/006', 'CO 005', '2021-04-08', 'T', 0),
(407, 'TG/2019/007', 'CO 005', '2021-04-08', 'P', 1),
(408, 'TG/2019/008', 'CO 005', '2021-04-08', 'P', 1),
(409, 'TG/2019/009', 'CO 005', '2021-04-08', 'T', 1),
(410, 'TG/2019/010', 'CO 005', '2021-04-08', 'T', 0),
(411, 'TG/2019/001', 'CO 004', '2021-04-08', 'P', 1),
(412, 'TG/2019/002', 'CO 004', '2021-04-08', 'P', 1),
(413, 'TG/2019/003', 'CO 004', '2021-04-08', 'P', 1),
(414, 'TG/2019/004', 'CO 004', '2021-04-08', 'T', 1),
(415, 'TG/2019/005', 'CO 004', '2021-04-08', 'T', 1),
(416, 'TG/2019/006', 'CO 003', '2021-04-09', 'T', 0),
(417, 'TG/2019/007', 'CO 003', '2021-04-09', 'P', 1),
(418, 'TG/2019/008', 'CO 003', '2021-04-09', 'T', 1),
(419, 'TG/2019/009', 'CO 003', '2021-04-09', 'T', 1),
(420, 'TG/2019/010', 'CO 003', '2021-04-09', 'T', 0),
(421, 'TG/2019/001', 'CO 001', '2021-04-09', 'P', 1),
(422, 'TG/2019/002', 'CO 001', '2021-04-09', 'P', 1),
(423, 'TG/2019/003', 'CO 001', '2021-04-09', 'P', 1),
(424, 'TG/2019/004', 'CO 001', '2021-04-09', 'P', 1),
(425, 'TG/2019/005', 'CO 001', '2021-04-09', 'P', 1),
(426, 'TG/2019/006', 'CO 006', '2021-04-09', 'T', 0),
(427, 'TG/2019/007', 'CO 006', '2021-04-09', 'T', 1),
(428, 'TG/2019/008', 'CO 006', '2021-04-09', 'T', 1),
(429, 'TG/2019/009', 'CO 006', '2021-04-09', 'T', 1),
(430, 'TG/2019/010', 'CO 006', '2021-04-09', 'T', 0),
(431, 'TG/2019/001', 'CO 001', '2021-07-10', 'T', 1),
(432, 'TG/2019/002', 'CO 001', '2021-07-10', 'T', 1),
(433, 'TG/2019/003', 'CO 001', '2021-07-10', 'T', 1),
(434, 'TG/2019/004', 'CO 001', '2021-07-10', 'P', 1),
(435, 'TG/2019/005', 'CO 001', '2021-07-10', 'P', 1),
(436, 'TG/2019/006', 'CO 003', '2021-07-10', 'P', 0),
(437, 'TG/2019/007', 'CO 003', '2021-07-10', 'P', 1),
(438, 'TG/2019/008', 'CO 003', '2021-07-10', 'P', 1),
(439, 'TG/2019/009', 'CO 003', '2021-07-10', 'P', 1),
(440, 'TG/2019/010', 'CO 003', '2021-07-10', 'P', 0),
(441, 'TG/2019/001', 'CO 004', '2021-07-10', 'T', 1),
(442, 'TG/2019/002', 'CO 004', '2021-07-10', 'T', 1),
(443, 'TG/2019/003', 'CO 004', '2021-07-10', 'T', 1),
(444, 'TG/2019/004', 'CO 004', '2021-07-10', 'P', 1),
(445, 'TG/2019/005', 'CO 004', '2021-07-10', 'P', 1),
(446, 'TG/2019/006', 'CO 005', '2021-07-11', 'T', 0),
(447, 'TG/2019/007', 'CO 005', '2021-07-11', 'P', 1),
(448, 'TG/2019/008', 'CO 005', '2021-07-11', 'T', 1),
(449, 'TG/2019/009', 'CO 005', '2021-07-11', 'T', 1),
(450, 'TG/2019/010', 'CO 005', '2021-07-11', 'T', 0),
(451, 'TG/2019/001', 'CO 006', '2021-07-11', 'P', 1),
(452, 'TG/2019/002', 'CO 006', '2021-07-11', 'P', 1),
(453, 'TG/2019/003', 'CO 006', '2021-07-11', 'P', 1),
(454, 'TG/2019/004', 'CO 006', '2021-07-11', 'P', 1),
(455, 'TG/2019/005', 'CO 006', '2021-07-11', 'P', 1),
(456, 'TG/2019/006', 'CO 001', '2021-07-11', 'P', 0),
(457, 'TG/2019/007', 'CO 001', '2021-07-11', 'P', 1),
(458, 'TG/2019/008', 'CO 001', '2021-07-11', 'T', 1),
(459, 'TG/2019/009', 'CO 001', '2021-07-11', 'T', 1),
(460, 'TG/2019/010', 'CO 001', '2021-07-11', 'T', 0),
(461, 'TG/2019/010', 'CO 002', '2021-06-02', 'T', 0),
(462, 'TG/2019/001', 'CO 001', '2021-06-02', 'T', 1),
(463, 'TG/2019/002', 'CO 001', '2021-06-02', 'T', 1),
(464, 'TG/2019/003', 'CO 001', '2021-06-02', 'T', 1),
(465, 'TG/2019/004', 'CO 001', '2021-06-02', 'T', 1),
(466, 'TG/2019/005', 'CO 001', '2021-06-02', 'T', 1),
(467, 'TG/2019/006', 'CO 001', '2021-06-03', 'T', 0),
(468, 'TG/2019/007', 'CO 001', '2021-06-03', 'P', 1),
(469, 'TG/2019/008', 'CO 001', '2021-06-03', 'P', 1),
(470, 'TG/2019/009', 'CO 001', '2021-06-03', 'P', 1),
(471, 'TG/2019/010', 'CO 001', '2021-06-03', 'P', 0),
(472, 'TG/2019/001', 'CO 001', '2021-06-03', 'P', 1),
(473, 'TG/2019/002', 'CO 001', '2021-06-03', 'P', 1),
(474, 'TG/2019/003', 'CO 001', '2021-06-03', 'P', 1),
(475, 'TG/2019/004', 'CO 001', '2021-06-03', 'P', 1),
(476, 'TG/2019/005', 'CO 001', '2021-06-03', 'P', 1),
(477, 'TG/2019/006', 'CO 001', '2021-06-03', 'P', 0),
(478, 'TG/2019/007', 'CO 001', '2021-06-03', 'P', 1),
(479, 'TG/2019/008', 'CO 001', '2021-06-03', 'P', 1),
(480, 'TG/2019/009', 'CO 001', '2021-06-03', 'P', 1);

-- --------------------------------------------------------

--
-- Stand-in structure for view `attendance_summary`
-- (See below for the actual view)
--
DROP VIEW IF EXISTS `attendance_summary`;
CREATE TABLE IF NOT EXISTS `attendance_summary` (
`Index_Number` varchar(20)
,`First_Name` varchar(255)
,`Last_Name` varchar(255)
,`Student_Attendance` bigint(21)
);

-- --------------------------------------------------------

--
-- Stand-in structure for view `ca_summary`
-- (See below for the actual view)
--
DROP VIEW IF EXISTS `ca_summary`;
CREATE TABLE IF NOT EXISTS `ca_summary` (
`f_name` varchar(255)
,`CA_Average` double(17,0)
);

-- --------------------------------------------------------

--
-- Table structure for table `course_module`
--

DROP TABLE IF EXISTS `course_module`;
CREATE TABLE IF NOT EXISTS `course_module` (
  `cmod_id` varchar(10) NOT NULL,
  `cmod_name` varchar(255) NOT NULL,
  `cmod_credite` tinyint(4) NOT NULL,
  `cmod_dep_id` varchar(10) NOT NULL,
  `cmod_lec_id` varchar(10) NOT NULL,
  `level` int(11) NOT NULL,
  `quiz_marks` int(11) NOT NULL DEFAULT '0',
  `assess_marks` int(11) NOT NULL DEFAULT '0',
  `mid_marks` int(11) NOT NULL DEFAULT '0',
  `theory_marks` int(11) NOT NULL DEFAULT '0',
  `patrical_marks` int(11) NOT NULL DEFAULT '0',
  PRIMARY KEY (`cmod_id`)
) ENGINE=InnoDB DEFAULT CHARSET=utf8;

--
-- Dumping data for table `course_module`
--

INSERT INTO `course_module` (`cmod_id`, `cmod_name`, `cmod_credite`, `cmod_dep_id`, `cmod_lec_id`, `level`, `quiz_marks`, `assess_marks`, `mid_marks`, `theory_marks`, `patrical_marks`) VALUES
('CO 001', 'Computer Architecture', 2, 'ICT', 'LEC/001', 1, 10, 10, 20, 60, 0),
('CO 002', 'Fundamentals of Management', 3, 'ICT', 'LEC/003', 1, 10, 10, 20, 60, 0),
('CO 003', 'Database Management Systems', 4, 'ICT', 'LEC/004', 1, 10, 0, 20, 40, 30),
('CO 004', 'PC Application & Computer Laboratory', 2, 'ICT', 'LEC/002', 1, 10, 20, 0, 40, 30),
('CO 006', 'Web Technologies', 3, 'ICT', 'LEC/004', 1, 10, 20, 0, 40, 30),
('co 007', 'saf', 4, 'BST', 'LEC/002', 3, 20, 30, 20, 30, 0),
('co 444', 'fdfd', 2, 'BST', 'LEC/001', 2, 10, 20, 0, 40, 30);

-- --------------------------------------------------------

--
-- Table structure for table `dean`
--

DROP TABLE IF EXISTS `dean`;
CREATE TABLE IF NOT EXISTS `dean` (
  `de_id` varchar(15) NOT NULL,
  `de_fname` varchar(255) NOT NULL,
  `de_lname` varchar(255) NOT NULL,
  `gender` varchar(10) NOT NULL,
  `address_l1` varchar(255) NOT NULL,
  `address_l2` varchar(255) NOT NULL,
  `dob` date NOT NULL,
  `phone_num` int(11) NOT NULL,
  `start_day` date NOT NULL,
  PRIMARY KEY (`de_id`)
) ENGINE=InnoDB DEFAULT CHARSET=utf8;

--
-- Dumping data for table `dean`
--

INSERT INTO `dean` (`de_id`, `de_fname`, `de_lname`, `gender`, `address_l1`, `address_l2`, `dob`, `phone_num`, `start_day`) VALUES
('DE/001', 'K.M. Kasun Dananjaya', 'Kulathilaka', 'Male', 'NO. 582,\r\nheight level road,', 'Mathale', '1962-05-06', 758945685, '2018-01-03');

-- --------------------------------------------------------

--
-- Table structure for table `dean_email`
--

DROP TABLE IF EXISTS `dean_email`;
CREATE TABLE IF NOT EXISTS `dean_email` (
  `de_de_id` varchar(20) NOT NULL,
  `de_email` varchar(255) NOT NULL,
  PRIMARY KEY (`de_de_id`)
) ENGINE=InnoDB DEFAULT CHARSET=utf8;

--
-- Dumping data for table `dean_email`
--

INSERT INTO `dean_email` (`de_de_id`, `de_email`) VALUES
('DE/001', 'kasundananjaya@email.com');

-- --------------------------------------------------------

--
-- Table structure for table `demonstrators`
--

DROP TABLE IF EXISTS `demonstrators`;
CREATE TABLE IF NOT EXISTS `demonstrators` (
  `demo_id` varchar(20) NOT NULL,
  `f_name` varchar(255) NOT NULL,
  `l_name` varchar(255) NOT NULL,
  `address_l1` varchar(255) NOT NULL,
  `address_l2` varchar(255) NOT NULL,
  `gender` varchar(10) NOT NULL,
  `dob` date NOT NULL,
  `phone_num` varchar(15) NOT NULL,
  PRIMARY KEY (`demo_id`)
) ENGINE=InnoDB DEFAULT CHARSET=utf8;

--
-- Dumping data for table `demonstrators`
--

INSERT INTO `demonstrators` (`demo_id`, `f_name`, `l_name`, `address_l1`, `address_l2`, `gender`, `dob`, `phone_num`) VALUES
('DEMO/001', 'J.K. Chamod Induwara', 'Jayathilaka', 'No.52, Galhitiyawa', '\r\nMunamalgamuwa', 'Male', '1975-05-15', '0768945685'),
('Demo/002', 'A.M. Wasantha', 'Adhikari', 'No:25, kelediwulwewa ', 'Eppawala', 'Male', '1979-05-25', '0729654879'),
('DEMO/003', 'A.A. Samudra', 'Ahelepola', 'NO.25/100, main road', 'Kandy', 'Female', '1965-10-02', '0755689752'),
('DEMO/004', 'K.M. Sachini', 'Kularathna', 'NO. 65, Kumara road,', 'Madakalapuwa', 'Female', '1956-11-11', '0724587965');

-- --------------------------------------------------------

--
-- Table structure for table `demonstrators_email`
--

DROP TABLE IF EXISTS `demonstrators_email`;
CREATE TABLE IF NOT EXISTS `demonstrators_email` (
  `de_demo_id` varchar(15) NOT NULL,
  `de_email` varchar(255) NOT NULL,
  PRIMARY KEY (`de_demo_id`)
) ENGINE=InnoDB DEFAULT CHARSET=utf8;

--
-- Dumping data for table `demonstrators_email`
--

INSERT INTO `demonstrators_email` (`de_demo_id`, `de_email`) VALUES
('DEMO/001', 'chamod@email.com'),
('DEMO/002', 'wasantha@email.com'),
('DEMO/003', 'samudra@email.com'),
('DEMO/004', 'sachini@email.com');

-- --------------------------------------------------------

--
-- Table structure for table `department`
--

DROP TABLE IF EXISTS `department`;
CREATE TABLE IF NOT EXISTS `department` (
  `dep_id` varchar(10) NOT NULL,
  `dep_name` varchar(255) NOT NULL,
  PRIMARY KEY (`dep_id`)
) ENGINE=InnoDB DEFAULT CHARSET=utf8;

--
-- Dumping data for table `department`
--

INSERT INTO `department` (`dep_id`, `dep_name`) VALUES
('BST', 'Bio System Technology '),
('ET', 'Engineering technology '),
('ICT', 'Information Communication Technology');

-- --------------------------------------------------------

--
-- Table structure for table `exam_marks`
--

DROP TABLE IF EXISTS `exam_marks`;
CREATE TABLE IF NOT EXISTS `exam_marks` (
  `exm_id` int(11) NOT NULL AUTO_INCREMENT,
  `exm_st_id` varchar(20) NOT NULL,
  `exm_cmod_id` varchar(10) NOT NULL,
  `exm_type` varchar(10) NOT NULL,
  `exm_score` varchar(10) NOT NULL,
  PRIMARY KEY (`exm_id`)
) ENGINE=InnoDB AUTO_INCREMENT=491 DEFAULT CHARSET=utf8;

--
-- Dumping data for table `exam_marks`
--

INSERT INTO `exam_marks` (`exm_id`, `exm_st_id`, `exm_cmod_id`, `exm_type`, `exm_score`) VALUES
(1, 'TG/2019/001', 'CO 001', 'Q', '85'),
(2, 'TG/2019/002', 'CO 001', 'Q', '78'),
(3, 'TG/2019/003', 'CO 001', 'Q', '89'),
(4, 'TG/2019/004', 'CO 001', 'Q', '85'),
(5, 'TG/2019/005', 'CO 001', 'Q', '59'),
(6, 'TG/2019/006', 'CO 001', 'Q', '89'),
(7, 'TG/2019/007', 'CO 001', 'Q', '78'),
(8, 'TG/2019/008', 'CO 001', 'Q', '69'),
(9, 'TG/2019/009', 'CO 001', 'Q', '87'),
(10, 'TG/2019/010', 'CO 001', 'Q', '78'),
(11, 'TG/2019/001', 'CO 001', 'Q', '85'),
(12, 'TG/2019/002', 'CO 001', 'Q', '78'),
(13, 'TG/2019/003', 'CO 001', 'Q', '89'),
(14, 'TG/2019/004', 'CO 001', 'Q', '85'),
(15, 'TG/2019/005', 'CO 001', 'Q', '59'),
(16, 'TG/2019/006', 'CO 001', 'Q', '89'),
(17, 'TG/2019/007', 'CO 001', 'Q', '78'),
(18, 'TG/2019/008', 'CO 001', 'Q', '69'),
(19, 'TG/2019/009', 'CO 001', 'Q', '87'),
(20, 'TG/2019/010', 'CO 001', 'Q', '78'),
(21, 'TG/2019/001', 'CO 001', 'Q', '85'),
(22, 'TG/2019/002', 'CO 001', 'Q', '78'),
(23, 'TG/2019/003', 'CO 001', 'Q', '89'),
(24, 'TG/2019/004', 'CO 001', 'Q', '85'),
(25, 'TG/2019/005', 'CO 001', 'Q', '59'),
(26, 'TG/2019/006', 'CO 001', 'Q', '89'),
(27, 'TG/2019/007', 'CO 001', 'Q', '78'),
(28, 'TG/2019/008', 'CO 001', 'Q', '69'),
(29, 'TG/2019/009', 'CO 001', 'Q', '87'),
(30, 'TG/2019/010', 'CO 001', 'Q', '78'),
(31, 'TG/2019/001', 'CO 001', 'Q', '85'),
(32, 'TG/2019/002', 'CO 001', 'Q', '78'),
(33, 'TG/2019/003', 'CO 001', 'Q', '89'),
(34, 'TG/2019/004', 'CO 001', 'Q', '85'),
(35, 'TG/2019/005', 'CO 001', 'Q', '59'),
(36, 'TG/2019/006', 'CO 001', 'Q', '89'),
(37, 'TG/2019/007', 'CO 001', 'Q', '78'),
(38, 'TG/2019/008', 'CO 001', 'Q', '69'),
(39, 'TG/2019/009', 'CO 001', 'Q', '87'),
(40, 'TG/2019/010', 'CO 001', 'Q', '78'),
(41, 'TG/2019/001', 'CO 002', 'Q', '85'),
(42, 'TG/2019/002', 'CO 002', 'Q', '78'),
(43, 'TG/2019/003', 'CO 002', 'Q', '89'),
(44, 'TG/2019/004', 'CO 002', 'Q', '85'),
(45, 'TG/2019/005', 'CO 002', 'Q', '59'),
(46, 'TG/2019/006', 'CO 002', 'Q', '89'),
(47, 'TG/2019/007', 'CO 002', 'Q', '78'),
(48, 'TG/2019/008', 'CO 002', 'Q', '69'),
(49, 'TG/2019/009', 'CO 002', 'Q', '87'),
(50, 'TG/2019/010', 'CO 002', 'Q', '78'),
(51, 'TG/2019/001', 'CO 002', 'Q', '85'),
(52, 'TG/2019/002', 'CO 002', 'Q', '78'),
(53, 'TG/2019/003', 'CO 002', 'Q', '89'),
(54, 'TG/2019/004', 'CO 002', 'Q', '85'),
(55, 'TG/2019/005', 'CO 002', 'Q', '59'),
(56, 'TG/2019/006', 'CO 002', 'Q', '89'),
(57, 'TG/2019/007', 'CO 002', 'Q', '78'),
(58, 'TG/2019/008', 'CO 002', 'Q', '69'),
(59, 'TG/2019/009', 'CO 002', 'Q', '87'),
(60, 'TG/2019/010', 'CO 002', 'Q', '78'),
(61, 'TG/2019/001', 'CO 002', 'Q', '85'),
(62, 'TG/2019/002', 'CO 002', 'Q', '78'),
(63, 'TG/2019/003', 'CO 002', 'Q', '89'),
(64, 'TG/2019/004', 'CO 002', 'Q', '85'),
(65, 'TG/2019/005', 'CO 002', 'Q', '59'),
(66, 'TG/2019/006', 'CO 002', 'Q', '89'),
(67, 'TG/2019/007', 'CO 002', 'Q', '78'),
(68, 'TG/2019/008', 'CO 002', 'Q', '69'),
(69, 'TG/2019/009', 'CO 002', 'Q', '87'),
(70, 'TG/2019/010', 'CO 002', 'Q', '78'),
(71, 'TG/2019/001', 'CO 002', 'Q', '85'),
(72, 'TG/2019/002', 'CO 002', 'Q', '78'),
(73, 'TG/2019/003', 'CO 002', 'Q', '89'),
(74, 'TG/2019/004', 'CO 002', 'Q', '85'),
(75, 'TG/2019/005', 'CO 002', 'Q', '59'),
(76, 'TG/2019/006', 'CO 002', 'Q', '89'),
(77, 'TG/2019/007', 'CO 002', 'Q', '78'),
(78, 'TG/2019/008', 'CO 002', 'Q', '69'),
(79, 'TG/2019/009', 'CO 002', 'Q', '87'),
(80, 'TG/2019/010', 'CO 002', 'Q', '78'),
(81, 'TG/2019/001', 'CO 003', 'Q', '58'),
(82, 'TG/2019/002', 'CO 003', 'Q', '71'),
(83, 'TG/2019/003', 'CO 003', 'Q', '58'),
(84, 'TG/2019/004', 'CO 003', 'Q', '85'),
(85, 'TG/2019/005', 'CO 003', 'Q', '42'),
(86, 'TG/2019/006', 'CO 003', 'Q', '57'),
(87, 'TG/2019/007', 'CO 003', 'Q', '98'),
(88, 'TG/2019/008', 'CO 003', 'Q', '69'),
(89, 'TG/2019/009', 'CO 003', 'Q', '85'),
(90, 'TG/2019/010', 'CO 003', 'Q', '78'),
(91, 'TG/2019/001', 'CO 003', 'Q', '85'),
(92, 'TG/2019/002', 'CO 003', 'Q', '78'),
(93, 'TG/2019/003', 'CO 003', 'Q', '89'),
(94, 'TG/2019/004', 'CO 003', 'Q', '85'),
(95, 'TG/2019/005', 'CO 003', 'Q', '59'),
(96, 'TG/2019/006', 'CO 003', 'Q', '89'),
(97, 'TG/2019/007', 'CO 003', 'Q', '78'),
(98, 'TG/2019/008', 'CO 003', 'Q', '69'),
(99, 'TG/2019/009', 'CO 003', 'Q', '87'),
(100, 'TG/2019/010', 'CO 003', 'Q', '78'),
(101, 'TG/2019/001', 'CO 003', 'Q', '85'),
(102, 'TG/2019/002', 'CO 003', 'Q', '78'),
(103, 'TG/2019/003', 'CO 003', 'Q', '89'),
(104, 'TG/2019/004', 'CO 003', 'Q', '85'),
(105, 'TG/2019/005', 'CO 003', 'Q', '59'),
(106, 'TG/2019/006', 'CO 003', 'Q', '89'),
(107, 'TG/2019/007', 'CO 003', 'Q', '78'),
(108, 'TG/2019/008', 'CO 003', 'Q', '69'),
(109, 'TG/2019/009', 'CO 003', 'Q', '87'),
(110, 'TG/2019/010', 'CO 003', 'Q', '78'),
(111, 'TG/2019/001', 'CO 003', 'Q', '85'),
(112, 'TG/2019/002', 'CO 003', 'Q', '78'),
(113, 'TG/2019/003', 'CO 003', 'Q', '89'),
(114, 'TG/2019/004', 'CO 003', 'Q', '85'),
(115, 'TG/2019/005', 'CO 003', 'Q', '59'),
(116, 'TG/2019/006', 'CO 003', 'Q', '89'),
(117, 'TG/2019/007', 'CO 003', 'Q', '78'),
(118, 'TG/2019/008', 'CO 003', 'Q', '69'),
(119, 'TG/2019/009', 'CO 003', 'Q', '87'),
(120, 'TG/2019/010', 'CO 003', 'Q', '78'),
(121, 'TG/2019/001', 'CO 004', 'Q', '85'),
(122, 'TG/2019/002', 'CO 004', 'Q', '78'),
(123, 'TG/2019/003', 'CO 004', 'Q', '89'),
(124, 'TG/2019/004', 'CO 004', 'Q', '85'),
(125, 'TG/2019/005', 'CO 004', 'Q', '59'),
(126, 'TG/2019/006', 'CO 004', 'Q', '89'),
(127, 'TG/2019/007', 'CO 004', 'Q', '78'),
(128, 'TG/2019/008', 'CO 004', 'Q', '69'),
(129, 'TG/2019/009', 'CO 004', 'Q', '87'),
(130, 'TG/2019/010', 'CO 004', 'Q', '78'),
(131, 'TG/2019/001', 'CO 004', 'Q', '85'),
(132, 'TG/2019/002', 'CO 004', 'Q', '78'),
(133, 'TG/2019/003', 'CO 004', 'Q', '89'),
(134, 'TG/2019/004', 'CO 004', 'Q', '85'),
(135, 'TG/2019/005', 'CO 004', 'Q', '59'),
(136, 'TG/2019/006', 'CO 004', 'Q', '89'),
(137, 'TG/2019/007', 'CO 004', 'Q', '78'),
(138, 'TG/2019/008', 'CO 004', 'Q', '69'),
(139, 'TG/2019/009', 'CO 004', 'Q', '87'),
(140, 'TG/2019/010', 'CO 004', 'Q', '78'),
(141, 'TG/2019/001', 'CO 004', 'Q', '85'),
(142, 'TG/2019/002', 'CO 004', 'Q', '78'),
(143, 'TG/2019/003', 'CO 004', 'Q', '89'),
(144, 'TG/2019/004', 'CO 004', 'Q', '85'),
(145, 'TG/2019/005', 'CO 004', 'Q', '59'),
(146, 'TG/2019/006', 'CO 004', 'Q', '89'),
(147, 'TG/2019/007', 'CO 004', 'Q', '78'),
(148, 'TG/2019/008', 'CO 004', 'Q', '69'),
(149, 'TG/2019/009', 'CO 004', 'Q', '87'),
(150, 'TG/2019/010', 'CO 004', 'Q', '78'),
(151, 'TG/2019/001', 'CO 004', 'Q', '85'),
(152, 'TG/2019/002', 'CO 004', 'Q', '78'),
(153, 'TG/2019/003', 'CO 004', 'Q', '89'),
(154, 'TG/2019/004', 'CO 004', 'Q', '85'),
(155, 'TG/2019/005', 'CO 004', 'Q', '59'),
(156, 'TG/2019/006', 'CO 004', 'Q', '89'),
(157, 'TG/2019/007', 'CO 004', 'Q', '78'),
(158, 'TG/2019/008', 'CO 004', 'Q', '69'),
(159, 'TG/2019/009', 'CO 004', 'Q', '87'),
(160, 'TG/2019/010', 'CO 004', 'Q', '78'),
(161, 'TG/2019/001', 'CO 005', 'Q', '85'),
(162, 'TG/2019/002', 'CO 005', 'Q', '78'),
(163, 'TG/2019/003', 'CO 005', 'Q', '89'),
(164, 'TG/2019/004', 'CO 005', 'Q', '85'),
(165, 'TG/2019/005', 'CO 005', 'Q', '59'),
(166, 'TG/2019/006', 'CO 005', 'Q', '89'),
(167, 'TG/2019/007', 'CO 005', 'Q', '78'),
(168, 'TG/2019/008', 'CO 005', 'Q', '69'),
(169, 'TG/2019/009', 'CO 005', 'Q', '87'),
(170, 'TG/2019/010', 'CO 005', 'Q', '78'),
(171, 'TG/2019/001', 'CO 005', 'Q', '85'),
(172, 'TG/2019/002', 'CO 005', 'Q', '78'),
(173, 'TG/2019/003', 'CO 005', 'Q', '89'),
(174, 'TG/2019/004', 'CO 005', 'Q', '85'),
(175, 'TG/2019/005', 'CO 005', 'Q', '59'),
(176, 'TG/2019/006', 'CO 005', 'Q', '89'),
(177, 'TG/2019/007', 'CO 005', 'Q', '78'),
(178, 'TG/2019/008', 'CO 005', 'Q', '69'),
(179, 'TG/2019/009', 'CO 005', 'Q', '87'),
(180, 'TG/2019/010', 'CO 005', 'Q', '78'),
(181, 'TG/2019/001', 'CO 005', 'Q', '85'),
(182, 'TG/2019/002', 'CO 005', 'Q', '78'),
(183, 'TG/2019/003', 'CO 005', 'Q', '89'),
(184, 'TG/2019/004', 'CO 005', 'Q', '85'),
(185, 'TG/2019/005', 'CO 005', 'Q', '59'),
(186, 'TG/2019/006', 'CO 005', 'Q', '89'),
(187, 'TG/2019/007', 'CO 005', 'Q', '78'),
(188, 'TG/2019/008', 'CO 005', 'Q', '69'),
(189, 'TG/2019/009', 'CO 005', 'Q', '87'),
(190, 'TG/2019/010', 'CO 005', 'Q', '78'),
(191, 'TG/2019/001', 'CO 005', 'Q', '85'),
(192, 'TG/2019/002', 'CO 005', 'Q', '78'),
(193, 'TG/2019/003', 'CO 005', 'Q', '89'),
(194, 'TG/2019/004', 'CO 005', 'Q', '85'),
(195, 'TG/2019/005', 'CO 005', 'Q', '59'),
(196, 'TG/2019/006', 'CO 005', 'Q', '89'),
(197, 'TG/2019/007', 'CO 005', 'Q', '78'),
(198, 'TG/2019/008', 'CO 005', 'Q', '69'),
(199, 'TG/2019/009', 'CO 005', 'Q', '87'),
(200, 'TG/2019/010', 'CO 005', 'Q', '78'),
(201, 'TG/2019/001', 'CO 006', 'Q', '85'),
(202, 'TG/2019/002', 'CO 006', 'Q', '78'),
(203, 'TG/2019/003', 'CO 006', 'Q', '89'),
(204, 'TG/2019/004', 'CO 006', 'Q', '85'),
(205, 'TG/2019/005', 'CO 006', 'Q', '59'),
(206, 'TG/2019/006', 'CO 006', 'Q', '89'),
(207, 'TG/2019/007', 'CO 006', 'Q', '78'),
(208, 'TG/2019/008', 'CO 006', 'Q', '69'),
(209, 'TG/2019/009', 'CO 006', 'Q', '87'),
(210, 'TG/2019/010', 'CO 006', 'Q', '78'),
(211, 'TG/2019/001', 'CO 006', 'Q', '85'),
(212, 'TG/2019/002', 'CO 006', 'Q', '78'),
(213, 'TG/2019/003', 'CO 006', 'Q', '89'),
(214, 'TG/2019/004', 'CO 006', 'Q', '85'),
(215, 'TG/2019/005', 'CO 006', 'Q', '59'),
(216, 'TG/2019/006', 'CO 006', 'Q', '89'),
(217, 'TG/2019/007', 'CO 006', 'Q', '78'),
(218, 'TG/2019/008', 'CO 006', 'Q', '69'),
(219, 'TG/2019/009', 'CO 006', 'Q', '87'),
(220, 'TG/2019/010', 'CO 006', 'Q', '78'),
(221, 'TG/2019/001', 'CO 006', 'Q', '85'),
(222, 'TG/2019/002', 'CO 006', 'Q', '78'),
(223, 'TG/2019/003', 'CO 006', 'Q', '89'),
(224, 'TG/2019/004', 'CO 006', 'Q', '85'),
(225, 'TG/2019/005', 'CO 006', 'Q', '59'),
(226, 'TG/2019/006', 'CO 006', 'Q', '89'),
(227, 'TG/2019/007', 'CO 006', 'Q', '78'),
(228, 'TG/2019/008', 'CO 006', 'Q', '69'),
(229, 'TG/2019/009', 'CO 006', 'Q', '87'),
(230, 'TG/2019/010', 'CO 006', 'Q', '78'),
(231, 'TG/2019/001', 'CO 003', 'A', '87'),
(232, 'TG/2019/002', 'CO 003', 'A', '78'),
(233, 'TG/2019/003', 'CO 003', 'A', '82'),
(234, 'TG/2019/004', 'CO 003', 'A', '69'),
(235, 'TG/2019/005', 'CO 003', 'A', '85'),
(236, 'TG/2019/006', 'CO 003', 'A', '88'),
(237, 'TG/2019/007', 'CO 003', 'A', '78'),
(238, 'TG/2019/008', 'CO 003', 'A', '69'),
(239, 'TG/2019/009', 'CO 003', 'A', '58'),
(240, 'TG/2019/010', 'CO 003', 'A', '86'),
(241, 'TG/2019/001', 'CO 003', 'A', '87'),
(242, 'TG/2019/002', 'CO 003', 'A', '78'),
(243, 'TG/2019/003', 'CO 003', 'A', '82'),
(244, 'TG/2019/004', 'CO 003', 'A', '69'),
(245, 'TG/2019/005', 'CO 003', 'A', '85'),
(246, 'TG/2019/006', 'CO 003', 'A', '88'),
(247, 'TG/2019/007', 'CO 003', 'A', '78'),
(248, 'TG/2019/008', 'CO 003', 'A', '69'),
(249, 'TG/2019/009', 'CO 003', 'A', '58'),
(250, 'TG/2019/010', 'CO 003', 'A', '86'),
(251, 'TG/2019/001', 'CO 004', 'A', '87'),
(252, 'TG/2019/002', 'CO 004', 'A', '78'),
(253, 'TG/2019/003', 'CO 004', 'A', '82'),
(254, 'TG/2019/004', 'CO 004', 'A', '69'),
(255, 'TG/2019/005', 'CO 004', 'A', '85'),
(256, 'TG/2019/006', 'CO 004', 'A', '88'),
(257, 'TG/2019/007', 'CO 004', 'A', '78'),
(258, 'TG/2019/008', 'CO 004', 'A', '69'),
(259, 'TG/2019/009', 'CO 004', 'A', '58'),
(260, 'TG/2019/010', 'CO 004', 'A', '86'),
(261, 'TG/2019/001', 'CO 004', 'A', '87'),
(262, 'TG/2019/002', 'CO 004', 'A', '78'),
(263, 'TG/2019/003', 'CO 004', 'A', '82'),
(264, 'TG/2019/004', 'CO 004', 'A', '69'),
(265, 'TG/2019/005', 'CO 004', 'A', '85'),
(266, 'TG/2019/006', 'CO 004', 'A', '88'),
(267, 'TG/2019/007', 'CO 004', 'A', '78'),
(268, 'TG/2019/008', 'CO 004', 'A', '69'),
(269, 'TG/2019/009', 'CO 004', 'A', '58'),
(270, 'TG/2019/010', 'CO 004', 'A', '86'),
(271, 'TG/2019/001', 'CO 004', 'A', '87'),
(272, 'TG/2019/002', 'CO 004', 'A', '78'),
(273, 'TG/2019/003', 'CO 004', 'A', '82'),
(274, 'TG/2019/004', 'CO 004', 'A', '69'),
(275, 'TG/2019/005', 'CO 004', 'A', '85'),
(276, 'TG/2019/006', 'CO 004', 'A', '88'),
(277, 'TG/2019/007', 'CO 004', 'A', '78'),
(278, 'TG/2019/008', 'CO 004', 'A', '69'),
(279, 'TG/2019/009', 'CO 004', 'A', '58'),
(280, 'TG/2019/010', 'CO 004', 'A', '86'),
(281, 'TG/2019/001', 'CO 005', 'A', '87'),
(282, 'TG/2019/002', 'CO 005', 'A', '78'),
(283, 'TG/2019/003', 'CO 005', 'A', '82'),
(284, 'TG/2019/004', 'CO 005', 'A', '69'),
(285, 'TG/2019/005', 'CO 005', 'A', '85'),
(286, 'TG/2019/006', 'CO 005', 'A', '88'),
(287, 'TG/2019/007', 'CO 005', 'A', '78'),
(288, 'TG/2019/008', 'CO 005', 'A', '69'),
(289, 'TG/2019/009', 'CO 005', 'A', '58'),
(290, 'TG/2019/010', 'CO 005', 'A', '86'),
(291, 'TG/2019/001', 'CO 005', 'A', '87'),
(292, 'TG/2019/002', 'CO 005', 'A', '78'),
(293, 'TG/2019/003', 'CO 005', 'A', '82'),
(294, 'TG/2019/004', 'CO 005', 'A', '69'),
(295, 'TG/2019/005', 'CO 005', 'A', '85'),
(296, 'TG/2019/006', 'CO 005', 'A', '88'),
(297, 'TG/2019/007', 'CO 005', 'A', '78'),
(298, 'TG/2019/008', 'CO 005', 'A', '69'),
(299, 'TG/2019/009', 'CO 005', 'A', '58'),
(300, 'TG/2019/010', 'CO 005', 'A', '86'),
(301, 'TG/2019/001', 'CO 005', 'A', '87'),
(302, 'TG/2019/002', 'CO 005', 'A', '78'),
(303, 'TG/2019/003', 'CO 005', 'A', '82'),
(304, 'TG/2019/004', 'CO 005', 'A', '69'),
(305, 'TG/2019/005', 'CO 005', 'A', '85'),
(306, 'TG/2019/006', 'CO 005', 'A', '88'),
(307, 'TG/2019/007', 'CO 005', 'A', '78'),
(308, 'TG/2019/008', 'CO 005', 'A', '69'),
(309, 'TG/2019/009', 'CO 005', 'A', '58'),
(310, 'TG/2019/010', 'CO 005', 'A', '86'),
(311, 'TG/2019/001', 'CO 006', 'A', '87'),
(312, 'TG/2019/002', 'CO 006', 'A', '78'),
(313, 'TG/2019/003', 'CO 006', 'A', '82'),
(314, 'TG/2019/004', 'CO 006', 'A', '69'),
(315, 'TG/2019/005', 'CO 006', 'A', '85'),
(316, 'TG/2019/006', 'CO 006', 'A', '88'),
(317, 'TG/2019/007', 'CO 006', 'A', '78'),
(318, 'TG/2019/008', 'CO 006', 'A', '69'),
(319, 'TG/2019/009', 'CO 006', 'A', '58'),
(320, 'TG/2019/010', 'CO 006', 'A', '86'),
(321, 'TG/2019/001', 'CO 006', 'A', '87'),
(322, 'TG/2019/002', 'CO 006', 'A', '78'),
(323, 'TG/2019/003', 'CO 006', 'A', '82'),
(324, 'TG/2019/004', 'CO 006', 'A', '69'),
(325, 'TG/2019/005', 'CO 006', 'A', '85'),
(326, 'TG/2019/006', 'CO 006', 'A', '88'),
(327, 'TG/2019/007', 'CO 006', 'A', '78'),
(328, 'TG/2019/008', 'CO 006', 'A', '69'),
(329, 'TG/2019/009', 'CO 006', 'A', '58'),
(330, 'TG/2019/010', 'CO 006', 'A', '86'),
(331, 'TG/2019/001', 'CO 006', 'A', '87'),
(332, 'TG/2019/002', 'CO 006', 'A', '78'),
(333, 'TG/2019/003', 'CO 006', 'A', '82'),
(334, 'TG/2019/004', 'CO 006', 'A', '69'),
(335, 'TG/2019/005', 'CO 006', 'A', '85'),
(336, 'TG/2019/006', 'CO 006', 'A', '88'),
(337, 'TG/2019/007', 'CO 006', 'A', '78'),
(338, 'TG/2019/008', 'CO 006', 'A', '69'),
(339, 'TG/2019/009', 'CO 006', 'A', '58'),
(340, 'TG/2019/010', 'CO 006', 'A', '86'),
(341, 'TG/2019/001', 'CO 001', 'MID', '87'),
(342, 'TG/2019/002', 'CO 001', 'MID', '78'),
(343, 'TG/2019/003', 'CO 001', 'MID', '82'),
(344, 'TG/2019/004', 'CO 001', 'MID', '69'),
(345, 'TG/2019/005', 'CO 001', 'MID', '85'),
(346, 'TG/2019/006', 'CO 001', 'MID', '88'),
(347, 'TG/2019/007', 'CO 001', 'MID', '78'),
(348, 'TG/2019/008', 'CO 001', 'MID', '69'),
(349, 'TG/2019/009', 'CO 001', 'MID', '58'),
(350, 'TG/2019/010', 'CO 001', 'MID', '86'),
(351, 'TG/2019/001', 'CO 002', 'MID', '87'),
(352, 'TG/2019/002', 'CO 002', 'MID', '78'),
(353, 'TG/2019/003', 'CO 002', 'MID', '82'),
(354, 'TG/2019/004', 'CO 002', 'MID', '69'),
(355, 'TG/2019/005', 'CO 002', 'MID', '85'),
(356, 'TG/2019/006', 'CO 002', 'MID', '88'),
(357, 'TG/2019/007', 'CO 002', 'MID', '78'),
(358, 'TG/2019/008', 'CO 002', 'MID', '69'),
(359, 'TG/2019/009', 'CO 002', 'MID', '58'),
(360, 'TG/2019/010', 'CO 002', 'MID', '86'),
(361, 'TG/2019/001', 'CO 003', 'MID', '87'),
(362, 'TG/2019/002', 'CO 003', 'MID', '78'),
(363, 'TG/2019/003', 'CO 003', 'MID', '82'),
(364, 'TG/2019/004', 'CO 003', 'MID', '69'),
(365, 'TG/2019/005', 'CO 003', 'MID', '85'),
(366, 'TG/2019/006', 'CO 003', 'MID', '88'),
(367, 'TG/2019/007', 'CO 003', 'MID', '78'),
(368, 'TG/2019/008', 'CO 003', 'MID', '69'),
(369, 'TG/2019/009', 'CO 003', 'MID', '58'),
(370, 'TG/2019/010', 'CO 003', 'MID', '86'),
(371, 'TG/2019/001', 'CO 001', 'FT', '87'),
(372, 'TG/2019/002', 'CO 001', 'FT', '78'),
(373, 'TG/2019/003', 'CO 001', 'FT', '82'),
(374, 'TG/2019/004', 'CO 001', 'FT', '69'),
(375, 'TG/2019/005', 'CO 001', 'FT', '85'),
(376, 'TG/2019/006', 'CO 001', 'FT', '88'),
(377, 'TG/2019/007', 'CO 001', 'FT', '78'),
(378, 'TG/2019/008', 'CO 001', 'FT', '69'),
(379, 'TG/2019/009', 'CO 001', 'FT', '58'),
(380, 'TG/2019/010', 'CO 001', 'FT', '86'),
(381, 'TG/2019/001', 'CO 002', 'FT', '87'),
(382, 'TG/2019/002', 'CO 002', 'FT', '78'),
(383, 'TG/2019/003', 'CO 002', 'FT', '82'),
(384, 'TG/2019/004', 'CO 002', 'FT', '69'),
(385, 'TG/2019/005', 'CO 002', 'FT', '85'),
(386, 'TG/2019/006', 'CO 002', 'FT', '88'),
(387, 'TG/2019/007', 'CO 002', 'FT', '78'),
(388, 'TG/2019/008', 'CO 002', 'FT', '69'),
(389, 'TG/2019/009', 'CO 002', 'FT', '58'),
(390, 'TG/2019/010', 'CO 002', 'FT', '86'),
(391, 'TG/2019/001', 'CO 003', 'FT', '87'),
(392, 'TG/2019/002', 'CO 003', 'FT', '78'),
(393, 'TG/2019/003', 'CO 003', 'FT', '82'),
(394, 'TG/2019/004', 'CO 003', 'FT', '69'),
(395, 'TG/2019/005', 'CO 003', 'FT', '85'),
(396, 'TG/2019/006', 'CO 003', 'FT', '88'),
(397, 'TG/2019/007', 'CO 003', 'FT', '78'),
(398, 'TG/2019/008', 'CO 003', 'FT', '69'),
(399, 'TG/2019/009', 'CO 003', 'FT', '58'),
(400, 'TG/2019/010', 'CO 003', 'FT', '86'),
(401, 'TG/2019/001', 'CO 004', 'FT', '87'),
(402, 'TG/2019/002', 'CO 004', 'FT', '78'),
(403, 'TG/2019/003', 'CO 004', 'FT', '82'),
(404, 'TG/2019/004', 'CO 004', 'FT', '69'),
(405, 'TG/2019/005', 'CO 004', 'FT', '85'),
(406, 'TG/2019/006', 'CO 004', 'FT', '88'),
(407, 'TG/2019/007', 'CO 004', 'FT', '78'),
(408, 'TG/2019/008', 'CO 004', 'FT', '69'),
(409, 'TG/2019/009', 'CO 004', 'FT', '58'),
(410, 'TG/2019/010', 'CO 004', 'FT', '86'),
(411, 'TG/2019/001', 'CO 005', 'FT', '87'),
(412, 'TG/2019/002', 'CO 005', 'FT', '78'),
(413, 'TG/2019/003', 'CO 005', 'FT', '82'),
(414, 'TG/2019/004', 'CO 005', 'FT', '69'),
(415, 'TG/2019/005', 'CO 005', 'FT', '85'),
(416, 'TG/2019/006', 'CO 005', 'FT', '88'),
(417, 'TG/2019/007', 'CO 005', 'FT', '78'),
(418, 'TG/2019/008', 'CO 005', 'FT', '69'),
(419, 'TG/2019/009', 'CO 005', 'FT', '58'),
(420, 'TG/2019/010', 'CO 005', 'FT', '86'),
(421, 'TG/2019/001', 'CO 006', 'FT', '87'),
(422, 'TG/2019/002', 'CO 006', 'FT', '78'),
(423, 'TG/2019/003', 'CO 006', 'FT', '82'),
(424, 'TG/2019/004', 'CO 006', 'FT', '69'),
(425, 'TG/2019/005', 'CO 006', 'FT', '85'),
(426, 'TG/2019/006', 'CO 006', 'FT', '88'),
(427, 'TG/2019/007', 'CO 006', 'FT', '78'),
(428, 'TG/2019/008', 'CO 006', 'FT', '69'),
(429, 'TG/2019/009', 'CO 006', 'FT', '58'),
(430, 'TG/2019/010', 'CO 006', 'FT', '86'),
(431, 'TG/2019/001', 'CO 001', 'FP', '87'),
(432, 'TG/2019/002', 'CO 001', 'FP', '78'),
(433, 'TG/2019/003', 'CO 001', 'FP', '82'),
(434, 'TG/2019/004', 'CO 001', 'FP', '69'),
(435, 'TG/2019/005', 'CO 001', 'FP', '85'),
(436, 'TG/2019/006', 'CO 001', 'FP', '88'),
(437, 'TG/2019/007', 'CO 001', 'FP', '78'),
(438, 'TG/2019/008', 'CO 001', 'FP', '69'),
(439, 'TG/2019/009', 'CO 001', 'FP', '58'),
(440, 'TG/2019/010', 'CO 001', 'FP', '86'),
(441, 'TG/2019/001', 'CO 002', 'FP', '87'),
(442, 'TG/2019/002', 'CO 002', 'FP', '78'),
(443, 'TG/2019/003', 'CO 002', 'FP', '82'),
(444, 'TG/2019/004', 'CO 002', 'FP', '69'),
(445, 'TG/2019/005', 'CO 002', 'FP', '85'),
(446, 'TG/2019/006', 'CO 002', 'FP', '88'),
(447, 'TG/2019/007', 'CO 002', 'FP', '78'),
(448, 'TG/2019/008', 'CO 002', 'FP', '69'),
(449, 'TG/2019/009', 'CO 002', 'FP', '58'),
(450, 'TG/2019/010', 'CO 002', 'FP', '86'),
(451, 'TG/2019/001', 'CO 003', 'FP', '87'),
(452, 'TG/2019/002', 'CO 003', 'FP', '78'),
(453, 'TG/2019/003', 'CO 003', 'FP', '82'),
(454, 'TG/2019/004', 'CO 003', 'FP', '69'),
(455, 'TG/2019/005', 'CO 003', 'FP', '85'),
(456, 'TG/2019/006', 'CO 003', 'FP', '88'),
(457, 'TG/2019/007', 'CO 003', 'FP', '78'),
(458, 'TG/2019/008', 'CO 003', 'FP', '69'),
(459, 'TG/2019/009', 'CO 003', 'FP', '58'),
(460, 'TG/2019/010', 'CO 003', 'FP', '86'),
(461, 'TG/2019/001', 'CO 004', 'FP', '87'),
(462, 'TG/2019/002', 'CO 004', 'FP', '78'),
(463, 'TG/2019/003', 'CO 004', 'FP', '82'),
(464, 'TG/2019/004', 'CO 004', 'FP', '69'),
(465, 'TG/2019/005', 'CO 004', 'FP', '85'),
(466, 'TG/2019/006', 'CO 004', 'FP', '88'),
(467, 'TG/2019/007', 'CO 004', 'FP', '78'),
(468, 'TG/2019/008', 'CO 004', 'FP', '69'),
(469, 'TG/2019/009', 'CO 004', 'FP', '58'),
(470, 'TG/2019/010', 'CO 004', 'FP', '86'),
(471, 'TG/2019/001', 'CO 005', 'FP', '87'),
(472, 'TG/2019/002', 'CO 005', 'FP', '78'),
(473, 'TG/2019/003', 'CO 005', 'FP', '82'),
(474, 'TG/2019/004', 'CO 005', 'FP', '69'),
(475, 'TG/2019/005', 'CO 005', 'FP', '85'),
(476, 'TG/2019/006', 'CO 005', 'FP', '88'),
(477, 'TG/2019/007', 'CO 005', 'FP', '78'),
(478, 'TG/2019/008', 'CO 005', 'FP', '69'),
(479, 'TG/2019/009', 'CO 005', 'FP', '58'),
(480, 'TG/2019/010', 'CO 005', 'FP', '86'),
(481, 'TG/2019/001', 'CO 006', 'FP', '87'),
(482, 'TG/2019/002', 'CO 006', 'FP', '78'),
(483, 'TG/2019/003', 'CO 006', 'FP', '82'),
(484, 'TG/2019/004', 'CO 006', 'FP', '69'),
(485, 'TG/2019/005', 'CO 006', 'FP', '85'),
(486, 'TG/2019/006', 'CO 006', 'FP', '88'),
(487, 'TG/2019/007', 'CO 006', 'FP', '78'),
(488, 'TG/2019/008', 'CO 006', 'FP', '69'),
(489, 'TG/2019/009', 'CO 006', 'FP', '58'),
(490, 'TG/2019/010', 'CO 006', 'FP', '86');

-- --------------------------------------------------------

--
-- Table structure for table `lectures`
--

DROP TABLE IF EXISTS `lectures`;
CREATE TABLE IF NOT EXISTS `lectures` (
  `lec_id` varchar(20) NOT NULL,
  `f_name` varchar(255) NOT NULL,
  `l_name` varchar(255) NOT NULL,
  `address_l1` varchar(255) NOT NULL,
  `address_l2` varchar(255) NOT NULL,
  `gender` varchar(10) NOT NULL,
  `dob` date NOT NULL,
  `phone_num` varchar(15) NOT NULL,
  `position` varchar(20) NOT NULL,
  PRIMARY KEY (`lec_id`)
) ENGINE=InnoDB DEFAULT CHARSET=utf8;

--
-- Dumping data for table `lectures`
--

INSERT INTO `lectures` (`lec_id`, `f_name`, `l_name`, `address_l1`, `address_l2`, `gender`, `dob`, `phone_num`, `position`) VALUES
('LEC/001', 'S.M.Danushka Madhuwantha', 'Suriyakumara', 'No.52, Galhitiyawa', 'Munamalgamuwa', 'Male', '1971-02-15', '0758945685', 'Senior professor'),
('LEC/002', 'B.M. Kamal Gunarathna', 'Bandaranayaka', 'No:25, kelediwulwewa ', 'Eppawala', 'Male', '1965-08-25', '0789654879', 'Senior professor'),
('LEC/003', 'D.A. Samanthi', 'Darmasuriya', 'NO.25/100, New lane', 'Kandy', 'Female', '1965-10-02', '0725689752', 'Professor'),
('LEC/004', 'A.M. Nithya', 'Dhulanjaly', 'NO. 65, Kumara road,', 'Madakalapuwa', 'Female', '1956-11-11', '0764587965', 'Professor');

-- --------------------------------------------------------

--
-- Table structure for table `lectures_email`
--

DROP TABLE IF EXISTS `lectures_email`;
CREATE TABLE IF NOT EXISTS `lectures_email` (
  `le_lec_id` varchar(15) NOT NULL,
  `le_email` varchar(255) NOT NULL,
  PRIMARY KEY (`le_lec_id`)
) ENGINE=InnoDB DEFAULT CHARSET=utf8;

--
-- Dumping data for table `lectures_email`
--

INSERT INTO `lectures_email` (`le_lec_id`, `le_email`) VALUES
('LEC/001', 'danushka@email.com'),
('LEC/002', 'kamal@email.com'),
('LEC/003', 'samanthi@email.com'),
('LEC/004', 'nithya@email.com');

-- --------------------------------------------------------

--
-- Table structure for table `log_user`
--

DROP TABLE IF EXISTS `log_user`;
CREATE TABLE IF NOT EXISTS `log_user` (
  `Id` int(11) NOT NULL AUTO_INCREMENT,
  `Uname` varchar(50) NOT NULL,
  `Password` varchar(100) NOT NULL,
  `Role` int(1) NOT NULL COMMENT 'Admin-1/Lecture-2/Demo-3/Student-4',
  PRIMARY KEY (`Id`)
) ENGINE=MyISAM AUTO_INCREMENT=14 DEFAULT CHARSET=latin1;

--
-- Dumping data for table `log_user`
--

INSERT INTO `log_user` (`Id`, `Uname`, `Password`, `Role`) VALUES
(1, 'KAVIYA', 'Kavi123', 1),
(2, 'Saman', 'Saman123', 4),
(13, 'AD100', 'admin123', 1);

-- --------------------------------------------------------

--
-- Table structure for table `medical`
--

DROP TABLE IF EXISTS `medical`;
CREATE TABLE IF NOT EXISTS `medical` (
  `med_id` int(11) NOT NULL AUTO_INCREMENT,
  `med_start_day` date NOT NULL,
  `med_end_day` date NOT NULL,
  `med_st_id` varchar(20) NOT NULL,
  `med_cmod_id` varchar(10) NOT NULL,
  PRIMARY KEY (`med_id`)
) ENGINE=InnoDB AUTO_INCREMENT=2 DEFAULT CHARSET=utf8;

--
-- Dumping data for table `medical`
--

INSERT INTO `medical` (`med_id`, `med_start_day`, `med_end_day`, `med_st_id`, `med_cmod_id`) VALUES
(1, '2021-05-02', '2021-05-05', 'TG/2019/005', 'CO 005');

-- --------------------------------------------------------

--
-- Table structure for table `students`
--

DROP TABLE IF EXISTS `students`;
CREATE TABLE IF NOT EXISTS `students` (
  `index_num` varchar(20) NOT NULL,
  `f_name` varchar(255) NOT NULL,
  `l_name` varchar(255) NOT NULL,
  `address_l1` varchar(255) NOT NULL,
  `address_l2` varchar(255) NOT NULL,
  `gender` varchar(10) NOT NULL,
  `dob` date NOT NULL,
  `phone_num` varchar(15) NOT NULL,
  `st_type` varchar(15) NOT NULL,
  PRIMARY KEY (`index_num`)
) ENGINE=InnoDB DEFAULT CHARSET=utf8;

--
-- Dumping data for table `students`
--

INSERT INTO `students` (`index_num`, `f_name`, `l_name`, `address_l1`, `address_l2`, `gender`, `dob`, `phone_num`, `st_type`) VALUES
('TG/2019/001', 'K.M. Sampath', 'Perera', '75,Main road', 'Galle', 'Male', '1995-08-09', '0774589563', 'Present'),
('TG/2019/002', 'M.M. Asela', 'Gamage', '5B,beach road', 'Matara', 'Male', '1998-06-05', '0774576892', 'Present'),
('TG/2019/003', 'A.G, Kelum', 'Bandara', '45,Cristal lane', 'Gampaha', 'Male', '1990-04-02', '0713698575', 'Present'),
('TG/2019/004', 'H.M. Kumara', 'Dilruk', '36,Main road', 'Colombo', 'Male', '1999-04-04', '0707782111', 'Present'),
('TG/2019/005', 'Y.M. Sandun', 'Dasanayaka', '12,1st Avenue', 'Jaffna', 'Male', '1999-07-01', '0701548799', 'Present'),
('TG/2019/006', 'A.M. Nethmini', 'Perera', '4B,2nd Avenue', 'Nuwara Eliya', 'Female', '1999-03-07', '0711211454', 'Present'),
('TG/2019/007', 'G.M. Kamala', 'Disanayaka', '88,Madara road', 'Kaluthara', 'Female', '1999-01-07', '0718766214', 'Present'),
('TG/2019/008', 'T.M. Priyadarshan', 'Udugama', '65,Kasal lane', 'Negombo', 'Female', '1999-04-03', '0784816235', 'Present'),
('TG/2019/009', 'H.M. Nadeera', 'Wihanga', '46,5th lane', 'Kandy', 'Male', '1999-07-02', '0788745132', 'Repeat'),
('TG/2019/010', 'A.A. Praveen', 'Hewage', '25,8th lane', 'Kandy', 'Male', '1999-03-07', '0778877124', 'Repeat');

-- --------------------------------------------------------

--
-- Table structure for table `student_course_module`
--

DROP TABLE IF EXISTS `student_course_module`;
CREATE TABLE IF NOT EXISTS `student_course_module` (
  `stmod_id` int(11) NOT NULL AUTO_INCREMENT,
  `stmod_st_id` varchar(20) NOT NULL,
  `stmod_cmod_id` varchar(10) NOT NULL,
  PRIMARY KEY (`stmod_id`)
) ENGINE=InnoDB AUTO_INCREMENT=61 DEFAULT CHARSET=utf8;

--
-- Dumping data for table `student_course_module`
--

INSERT INTO `student_course_module` (`stmod_id`, `stmod_st_id`, `stmod_cmod_id`) VALUES
(1, 'TG/2019/001', 'CO 001'),
(2, 'TG/2019/001', 'CO 002'),
(3, 'TG/2019/001', 'CO 003'),
(4, 'TG/2019/001', 'CO 004'),
(5, 'TG/2019/001', 'CO 005'),
(6, 'TG/2019/001', 'CO 006'),
(7, 'TG/2019/002', 'CO 001'),
(8, 'TG/2019/002', 'CO 002'),
(9, 'TG/2019/002', 'CO 003'),
(10, 'TG/2019/002', 'CO 004'),
(11, 'TG/2019/002', 'CO 005'),
(12, 'TG/2019/002', 'CO 006'),
(13, 'TG/2019/003', 'CO 001'),
(14, 'TG/2019/003', 'CO 002'),
(15, 'TG/2019/003', 'CO 003'),
(16, 'TG/2019/003', 'CO 004'),
(17, 'TG/2019/003', 'CO 005'),
(18, 'TG/2019/003', 'CO 006'),
(19, 'TG/2019/004', 'CO 001'),
(20, 'TG/2019/004', 'CO 002'),
(21, 'TG/2019/004', 'CO 003'),
(22, 'TG/2019/004', 'CO 004'),
(23, 'TG/2019/004', 'CO 005'),
(24, 'TG/2019/004', 'CO 006'),
(25, 'TG/2019/005', 'CO 001'),
(26, 'TG/2019/005', 'CO 002'),
(27, 'TG/2019/005', 'CO 003'),
(28, 'TG/2019/005', 'CO 004'),
(29, 'TG/2019/005', 'CO 005'),
(30, 'TG/2019/005', 'CO 006'),
(31, 'TG/2019/006', 'CO 001'),
(32, 'TG/2019/006', 'CO 002'),
(33, 'TG/2019/006', 'CO 003'),
(34, 'TG/2019/006', 'CO 004'),
(35, 'TG/2019/006', 'CO 005'),
(36, 'TG/2019/006', 'CO 006'),
(37, 'TG/2019/007', 'CO 001'),
(38, 'TG/2019/007', 'CO 002'),
(39, 'TG/2019/007', 'CO 003'),
(40, 'TG/2019/007', 'CO 004'),
(41, 'TG/2019/007', 'CO 005'),
(42, 'TG/2019/007', 'CO 006'),
(43, 'TG/2019/008', 'CO 001'),
(44, 'TG/2019/008', 'CO 002'),
(45, 'TG/2019/008', 'CO 003'),
(46, 'TG/2019/008', 'CO 004'),
(47, 'TG/2019/008', 'CO 005'),
(48, 'TG/2019/008', 'CO 006'),
(49, 'TG/2019/009', 'CO 001'),
(50, 'TG/2019/009', 'CO 002'),
(51, 'TG/2019/009', 'CO 003'),
(52, 'TG/2019/009', 'CO 004'),
(53, 'TG/2019/009', 'CO 005'),
(54, 'TG/2019/009', 'CO 006'),
(55, 'TG/2019/010', 'CO 001'),
(56, 'TG/2019/010', 'CO 002'),
(57, 'TG/2019/010', 'CO 003'),
(58, 'TG/2019/010', 'CO 004'),
(59, 'TG/2019/010', 'CO 005'),
(60, 'TG/2019/010', 'CO 006');

-- --------------------------------------------------------

--
-- Table structure for table `student_email`
--

DROP TABLE IF EXISTS `student_email`;
CREATE TABLE IF NOT EXISTS `student_email` (
  `se_st_id` varchar(20) NOT NULL,
  `se_email` varchar(255) NOT NULL,
  PRIMARY KEY (`se_st_id`)
) ENGINE=InnoDB DEFAULT CHARSET=utf8;

--
-- Dumping data for table `student_email`
--

INSERT INTO `student_email` (`se_st_id`, `se_email`) VALUES
('TG/2019/001', 'Sampath@gmail.com'),
('TG/2019/002', 'Asela@gmail.com'),
('TG/2019/003', 'Kelum@gmail.com'),
('TG/2019/004', 'Kumara@gmail.com'),
('TG/2019/005', 'Sandun@gmail.com'),
('TG/2019/006', 'Nethmini@gmail.com'),
('TG/2019/007', 'Kamala@gmail.com'),
('TG/2019/008', 'Priyadarshani@gmail.com'),
('TG/2019/009', 'Nadeera@gmail.com'),
('TG/2019/010', 'Praveen@gmail.com');

-- --------------------------------------------------------

--
-- Table structure for table `technical_officers`
--

DROP TABLE IF EXISTS `technical_officers`;
CREATE TABLE IF NOT EXISTS `technical_officers` (
  `to_id` varchar(20) NOT NULL,
  `f_name` varchar(255) NOT NULL,
  `l_name` varchar(255) NOT NULL,
  `address_l1` varchar(255) NOT NULL,
  `address_l2` varchar(255) NOT NULL,
  `gender` varchar(10) NOT NULL,
  `dob` date NOT NULL,
  `phone_num` varchar(15) NOT NULL,
  PRIMARY KEY (`to_id`)
) ENGINE=InnoDB DEFAULT CHARSET=utf8;

--
-- Dumping data for table `technical_officers`
--

INSERT INTO `technical_officers` (`to_id`, `f_name`, `l_name`, `address_l1`, `address_l2`, `gender`, `dob`, `phone_num`) VALUES
('TO/001', 'J.K. Chamod Induwara', 'Jayathilaka', 'No.52, Galhitiyawa', '\r\nMunamalgamuwa', 'Male', '1975-05-15', '0768945685'),
('TO/002', 'A.M. Wasantha', 'Adhikari', 'No:25, kelediwulwewa ', 'Eppawala', 'Male', '1979-05-25', '0729654879'),
('TO/003', 'A.A. Samudra', 'Ahelepola', 'NO.25/100, main road', 'Kandy', 'Female', '1965-10-02', '0755689752'),
('TO/004', 'K.M. Sachini', 'Kularathna', 'NO. 65, Kumara road,', 'Madakalapuwa', 'Female', '1956-11-11', '0724587965');

-- --------------------------------------------------------

--
-- Table structure for table `technical_officers_email`
--

DROP TABLE IF EXISTS `technical_officers_email`;
CREATE TABLE IF NOT EXISTS `technical_officers_email` (
  `te_to_id` varchar(15) NOT NULL,
  `te_email` varchar(255) NOT NULL,
  PRIMARY KEY (`te_to_id`)
) ENGINE=InnoDB DEFAULT CHARSET=utf8;

--
-- Dumping data for table `technical_officers_email`
--

INSERT INTO `technical_officers_email` (`te_to_id`, `te_email`) VALUES
('TO/001', 'chamod@email.com'),
('TO/002', 'wasantha@email.com'),
('TO/003', 'samudra@email.com'),
('TO/004', 'sachini@email.com');

-- --------------------------------------------------------

--
-- Structure for view `allstattendanceandca`
--
DROP TABLE IF EXISTS `allstattendanceandca`;

DROP VIEW IF EXISTS `allstattendanceandca`;
CREATE ALGORITHM=UNDEFINED DEFINER=`root`@`localhost` SQL SECURITY DEFINER VIEW `allstattendanceandca`  AS  select `students`.`index_num` AS `index_num`,`students`.`f_name` AS `f_name`,`students`.`l_name` AS `l_name`,`attendance`.`atte_level` AS `Attendance`,`exam_marks`.`exm_cmod_id` AS `exm_cmod_id`,`exam_marks`.`exm_score` AS `CA_Marks` from ((`students` join `attendance`) join `exam_marks`) where ((`students`.`index_num` = `attendance`.`atte_st_id`) and (`students`.`index_num` = `exam_marks`.`exm_st_id`) and (`exam_marks`.`exm_type` = 'Q')) group by `students`.`index_num` ;

-- --------------------------------------------------------

--
-- Structure for view `attendance_summary`
--
DROP TABLE IF EXISTS `attendance_summary`;

DROP VIEW IF EXISTS `attendance_summary`;
CREATE ALGORITHM=UNDEFINED DEFINER=`root`@`localhost` SQL SECURITY DEFINER VIEW `attendance_summary`  AS  select `attendance`.`atte_st_id` AS `Index_Number`,`students`.`f_name` AS `First_Name`,`students`.`l_name` AS `Last_Name`,count(`attendance`.`atte_level`) AS `Student_Attendance` from (`attendance` left join `students` on((`attendance`.`atte_st_id` = `students`.`index_num`))) where (`attendance`.`atte_level` = 1) group by `attendance`.`atte_st_id` ;

-- --------------------------------------------------------

--
-- Structure for view `ca_summary`
--
DROP TABLE IF EXISTS `ca_summary`;

DROP VIEW IF EXISTS `ca_summary`;
CREATE ALGORITHM=UNDEFINED DEFINER=`root`@`localhost` SQL SECURITY DEFINER VIEW `ca_summary`  AS  select `students`.`f_name` AS `f_name`,round((sum(`exam_marks`.`exm_score`) / count(`exam_marks`.`exm_score`)),0) AS `CA_Average` from (`exam_marks` left join `students` on((`exam_marks`.`exm_st_id` = `students`.`index_num`))) where (`exam_marks`.`exm_type` = 'Q') group by `exam_marks`.`exm_st_id` ;
COMMIT;

/*!40101 SET CHARACTER_SET_CLIENT=@OLD_CHARACTER_SET_CLIENT */;
/*!40101 SET CHARACTER_SET_RESULTS=@OLD_CHARACTER_SET_RESULTS */;
/*!40101 SET COLLATION_CONNECTION=@OLD_COLLATION_CONNECTION */;
