-- phpMyAdmin SQL Dump
-- version 5.0.2
-- https://www.phpmyadmin.net/
--
-- Host: 127.0.0.1:3306
-- Generation Time: May 27, 2022 at 07:04 PM
-- Server version: 5.7.31
-- PHP Version: 7.3.21

SET SQL_MODE = "NO_AUTO_VALUE_ON_ZERO";
START TRANSACTION;
SET time_zone = "+00:00";


/*!40101 SET @OLD_CHARACTER_SET_CLIENT=@@CHARACTER_SET_CLIENT */;
/*!40101 SET @OLD_CHARACTER_SET_RESULTS=@@CHARACTER_SET_RESULTS */;
/*!40101 SET @OLD_COLLATION_CONNECTION=@@COLLATION_CONNECTION */;
/*!40101 SET NAMES utf8mb4 */;

--
-- Database: `fot_tecmis`
--

-- --------------------------------------------------------

--
-- Table structure for table `admin`
--

DROP TABLE IF EXISTS `admin`;
CREATE TABLE IF NOT EXISTS `admin` (
  `admin_id` varchar(20) NOT NULL,
  `f_name` varchar(255) NOT NULL,
  `l_name` varchar(255) NOT NULL,
  `address_l1` varchar(255) NOT NULL,
  `address_l2` varchar(255) NOT NULL,
  `gender` varchar(20) NOT NULL,
  `dob` date NOT NULL,
  `email` varchar(255) NOT NULL,
  `phone_num` varchar(20) NOT NULL,
  `admin_role` varchar(20) NOT NULL,
  `picture_path` varchar(200) NOT NULL,
  PRIMARY KEY (`admin_id`)
) ENGINE=InnoDB DEFAULT CHARSET=utf8;

--
-- Dumping data for table `admin`
--

INSERT INTO `admin` (`admin_id`, `f_name`, `l_name`, `address_l1`, `address_l2`, `gender`, `dob`, `email`, `phone_num`, `admin_role`, `picture_path`) VALUES
('AD100', 'B. Dilshan', 'Kavinda', 'Dadalla Gewaththa, Thalalla North, Kekanadura', 'Matara', 'Male', '1999-09-23', 'kgkumara@email.com', '0788311883', 'admin1', ''),
('AD102', 'G.G. Nilhan', 'Gunathilaka', 'No.684,\r\nAkuressa road,\r\nNupe', 'Mathara', 'Male', '1961-05-02', 'nilhan@emailcom', '0764587965', 'admin2', ''),
('AD103', 'H.M. Hasini', 'Thilakarathna', 'No.25,\r\nMihinthale road', 'Anuradhapura', 'Female', '1965-08-06', 'hasini@email.com', '0713698575', 'admin3', '');

-- --------------------------------------------------------

--
-- Stand-in structure for view `allstattendanceandca`
-- (See below for the actual view)
--
DROP VIEW IF EXISTS `allstattendanceandca`;
CREATE TABLE IF NOT EXISTS `allstattendanceandca` (
`index_num` varchar(20)
,`f_name` varchar(255)
,`l_name` varchar(255)
,`Attendance` tinyint(4)
,`exm_cmod_id` varchar(10)
,`CA_Marks` varchar(10)
);

-- --------------------------------------------------------

--
-- Table structure for table `attendance`
--

DROP TABLE IF EXISTS `attendance`;
CREATE TABLE IF NOT EXISTS `attendance` (
  `atte_id` int(11) NOT NULL AUTO_INCREMENT,
  `atte_st_id` varchar(20) NOT NULL,
  `atte_cmod_id` varchar(10) NOT NULL,
  `atte_date` date NOT NULL,
  `atte_condition` varchar(10) NOT NULL,
  `atte_level` tinyint(4) NOT NULL,
  `Hourse` int(11) NOT NULL,
  PRIMARY KEY (`atte_id`)
) ENGINE=InnoDB AUTO_INCREMENT=482 DEFAULT CHARSET=utf8;

--
-- Dumping data for table `attendance`
--

INSERT INTO `attendance` (`atte_id`, `atte_st_id`, `atte_cmod_id`, `atte_date`, `atte_condition`, `atte_level`, `Hourse`) VALUES
(11, 'TG/2019/001', 'CO 002', '2021-06-01', 'T', 1, 2),
(12, 'TG/2019/002', 'CO 002', '2021-06-01', 'T', 1, 2),
(13, 'TG/2019/003', 'CO 002', '2021-06-01', 'T', 1, 2),
(14, 'TG/2019/004', 'CO 002', '2021-06-01', 'T', 1, 2),
(15, 'TG/2019/005', 'CO 002', '2021-06-01', 'T', 1, 2),
(16, 'TG/2019/006', 'CO 002', '2021-06-01', 'T', 0, 2),
(17, 'TG/2019/007', 'CO 002', '2021-06-01', 'T', 1, 2),
(18, 'TG/2019/008', 'CO 002', '2021-06-01', 'T', 1, 2),
(19, 'TG/2019/009', 'CO 002', '2021-06-01', 'T', 1, 2),
(20, 'TG/2019/010', 'CO 002', '2021-06-01', 'T', 0, 2),
(21, 'TG/2019/001', 'CO 001', '2021-06-01', 'T', 0, 2),
(22, 'TG/2019/002', 'CO 001', '2021-06-01', 'T', 1, 2),
(23, 'TG/2019/003', 'CO 001', '2021-06-01', 'T', 1, 2),
(24, 'TG/2019/004', 'CO 001', '2021-06-01', 'T', 1, 2),
(25, 'TG/2019/005', 'CO 001', '2021-06-01', 'T', 1, 2),
(26, 'TG/2019/006', 'CO 001', '2021-06-01', 'T', 0, 2),
(27, 'TG/2019/007', 'CO 001', '2021-06-01', 'T', 1, 2),
(28, 'TG/2019/008', 'CO 001', '2021-06-01', 'T', 1, 2),
(29, 'TG/2019/009', 'CO 001', '2021-06-01', 'T', 1, 2),
(30, 'TG/2019/010', 'CO 001', '2021-06-01', 'T', 0, 2),
(31, 'TG/2019/001', 'CO 001', '2021-06-01', 'F', 1, 3),
(32, 'TG/2019/002', 'CO 001', '2021-06-01', 'F', 1, 3),
(33, 'TG/2019/003', 'CO 001', '2021-06-01', 'F', 1, 3),
(34, 'TG/2019/004', 'CO 001', '2021-06-01', 'F', 1, 3),
(35, 'TG/2019/005', 'CO 001', '2021-06-01', 'F', 1, 3),
(36, 'TG/2019/006', 'CO 001', '2021-06-01', 'F', 0, 3),
(37, 'TG/2019/007', 'CO 001', '2021-06-01', 'F', 1, 3),
(38, 'TG/2019/008', 'CO 001', '2021-06-01', 'F', 1, 3),
(39, 'TG/2019/009', 'CO 001', '2021-06-01', 'F', 1, 3),
(40, 'TG/2019/010', 'CO 001', '2021-06-01', 'F', 0, 3),
(41, 'TG/2019/001', 'CO 003', '2021-06-02', 'P', 0, 3),
(42, 'TG/2019/002', 'CO 003', '2021-06-02', 'P', 0, 3),
(43, 'TG/2019/003', 'CO 003', '2021-06-03', 'T', 1, 2),
(44, 'TG/2019/004', 'CO 004', '2021-06-03', 'T', 1, 2),
(45, 'TG/2019/005', 'CO 004', '2021-06-03', 'P', 1, 3),
(46, 'TG/2019/006', 'CO 005', '2021-06-03', 'P', 0, 3),
(47, 'TG/2019/007', 'CO 005', '2021-06-05', 'P', 1, 3),
(48, 'TG/2019/008', 'CO 005', '2021-06-05', 'T', 0, 2),
(49, 'TG/2019/009', 'CO 005', '2021-06-05', 'T', 1, 2),
(50, 'TG/2019/010', 'CO 005', '2021-06-05', 'T', 0, 2),
(51, 'TG/2019/001', 'CO 006', '2021-06-08', 'T', 1, 2),
(52, 'TG/2019/002', 'CO 006', '2021-06-08', 'P', 0, 3),
(53, 'TG/2019/003', 'CO 006', '2021-06-09', 'P', 0, 3),
(54, 'TG/2019/004', 'CO 001', '2021-06-09', 'P', 1, 3),
(55, 'TG/2019/005', 'CO 001', '2021-06-09', 'P', 0, 3),
(56, 'TG/2019/006', 'CO 004', '2021-06-10', 'T', 0, 2),
(57, 'TG/2019/007', 'CO 004', '2021-06-10', 'T', 1, 2),
(58, 'TG/2019/008', 'CO 004', '2021-06-10', 'P', 1, 3),
(59, 'TG/2019/009', 'CO 004', '2021-06-11', 'P', 1, 3),
(60, 'TG/2019/010', 'CO 003', '2021-06-11', 'T', 0, 2),
(61, 'TG/2019/001', 'CO 003', '2021-06-11', 'P', 1, 3),
(62, 'TG/2019/002', 'CO 003', '2021-06-12', 'P', 1, 3),
(63, 'TG/2019/003', 'CO 003', '2021-06-12', 'P', 1, 3),
(64, 'TG/2019/004', 'CO 003', '2021-06-12', 'P', 0, 3),
(65, 'TG/2019/005', 'CO 001', '2021-06-13', 'P', 1, 3),
(66, 'TG/2019/006', 'CO 004', '2021-06-13', 'T', 0, 2),
(67, 'TG/2019/007', 'CO 004', '2021-06-14', 'T', 1, 2),
(68, 'TG/2019/008', 'CO 005', '2021-06-14', 'T', 1, 2),
(69, 'TG/2019/009', 'CO 005', '2021-06-14', 'T', 1, 2),
(70, 'TG/2019/010', 'CO 005', '2021-06-14', 'T', 0, 2),
(71, 'TG/2019/001', 'CO 004', '2021-05-03', 'T', 1, 2),
(72, 'TG/2019/002', 'CO 004', '2021-05-03', 'T', 1, 2),
(73, 'TG/2019/003', 'CO 004', '2021-05-03', 'T', 1, 2),
(74, 'TG/2019/004', 'CO 004', '2021-05-03', 'T', 1, 2),
(75, 'TG/2019/005', 'CO 004', '2021-05-03', 'P', 1, 3),
(76, 'TG/2019/006', 'CO 004', '2021-05-03', 'P', 0, 3),
(77, 'TG/2019/007', 'CO 004', '2021-05-04', 'P', 1, 3),
(78, 'TG/2019/008', 'CO 005', '2021-05-04', 'P', 1, 3),
(79, 'TG/2019/009', 'CO 005', '2021-05-04', 'T', 1, 2),
(80, 'TG/2019/010', 'CO 005', '2021-05-04', 'T', 0, 2),
(81, 'TG/2019/001', 'CO 005', '2021-05-04', 'P', 1, 3),
(82, 'TG/2019/002', 'CO 006', '2021-05-01', 'T', 1, 2),
(83, 'TG/2019/003', 'CO 006', '2021-05-01', 'P', 1, 3),
(84, 'TG/2019/004', 'CO 006', '2021-05-01', 'T', 1, 2),
(85, 'TG/2019/005', 'CO 001', '2021-05-01', 'P', 1, 3),
(86, 'TG/2019/006', 'CO 001', '2021-05-01', 'P', 0, 3),
(87, 'TG/2019/007', 'CO 001', '2021-05-02', 'T', 1, 2),
(88, 'TG/2019/008', 'CO 004', '2021-05-02', 'T', 1, 2),
(89, 'TG/2019/009', 'CO 004', '2021-05-02', 'P', 1, 3),
(90, 'TG/2019/010', 'CO 004', '2021-05-02', 'T', 0, 2),
(91, 'TG/2019/001', 'CO 004', '2021-05-02', 'P', 1, 3),
(92, 'TG/2019/002', 'CO 006', '2021-05-08', 'P', 1, 3),
(93, 'TG/2019/003', 'CO 006', '2021-05-08', 'P', 1, 3),
(94, 'TG/2019/004', 'CO 006', '2021-05-08', 'P', 1, 3),
(95, 'TG/2019/005', 'CO 006', '2021-05-08', 'P', 1, 3),
(96, 'TG/2019/006', 'CO 006', '2021-05-08', 'P', 0, 3),
(97, 'TG/2019/007', 'CO 006', '2021-05-07', 'T', 1, 2),
(98, 'TG/2019/008', 'CO 003', '2021-05-07', 'T', 1, 2),
(99, 'TG/2019/009', 'CO 003', '2021-05-07', 'T', 1, 2),
(100, 'TG/2019/010', 'CO 003', '2021-05-07', 'T', 0, 2),
(101, 'TG/2019/001', 'CO 006', '2021-04-08', 'P', 1, 3),
(102, 'TG/2019/002', 'CO 006', '2021-04-08', 'P', 1, 3),
(103, 'TG/2019/003', 'CO 006', '2021-04-08', 'P', 1, 3),
(104, 'TG/2019/004', 'CO 006', '2021-04-08', 'P', 1, 3),
(105, 'TG/2019/005', 'CO 006', '2021-04-08', 'P', 1, 3),
(106, 'TG/2019/006', 'CO 005', '2021-04-08', 'T', 0, 2),
(107, 'TG/2019/007', 'CO 005', '2021-04-08', 'P', 1, 3),
(108, 'TG/2019/008', 'CO 005', '2021-04-08', 'P', 1, 3),
(109, 'TG/2019/009', 'CO 005', '2021-04-02', 'T', 1, 2),
(110, 'TG/2019/010', 'CO 005', '2021-04-02', 'T', 0, 2),
(111, 'TG/2019/001', 'CO 004', '2021-04-02', 'P', 1, 3),
(112, 'TG/2019/002', 'CO 004', '2021-04-02', 'P', 1, 3),
(113, 'TG/2019/003', 'CO 004', '2021-04-02', 'P', 1, 3),
(114, 'TG/2019/004', 'CO 004', '2021-04-02', 'T', 1, 2),
(115, 'TG/2019/005', 'CO 004', '2021-04-07', 'T', 1, 2),
(116, 'TG/2019/006', 'CO 003', '2021-04-07', 'T', 0, 2),
(117, 'TG/2019/007', 'CO 003', '2021-04-07', 'P', 1, 3),
(118, 'TG/2019/008', 'CO 003', '2021-04-07', 'T', 1, 2),
(119, 'TG/2019/009', 'CO 003', '2021-04-07', 'T', 1, 2),
(120, 'TG/2019/010', 'CO 003', '2021-04-07', 'T', 0, 2),
(121, 'TG/2019/001', 'CO 001', '2021-04-07', 'P', 1, 3),
(122, 'TG/2019/002', 'CO 001', '2021-04-07', 'P', 1, 3),
(123, 'TG/2019/003', 'CO 001', '2021-04-06', 'P', 1, 3),
(124, 'TG/2019/004', 'CO 001', '2021-04-06', 'P', 1, 3),
(125, 'TG/2019/005', 'CO 001', '2021-04-06', 'P', 1, 3),
(126, 'TG/2019/006', 'CO 006', '2021-04-06', 'T', 0, 2),
(127, 'TG/2019/007', 'CO 006', '2021-04-06', 'T', 1, 2),
(128, 'TG/2019/008', 'CO 006', '2021-04-06', 'T', 1, 2),
(129, 'TG/2019/009', 'CO 006', '2021-04-06', 'T', 1, 2),
(130, 'TG/2019/010', 'CO 006', '2021-04-06', 'T', 0, 2),
(131, 'TG/2019/001', 'CO 001', '2021-07-01', 'T', 1, 2),
(132, 'TG/2019/002', 'CO 001', '2021-07-01', 'T', 1, 2),
(133, 'TG/2019/003', 'CO 001', '2021-07-01', 'T', 1, 2),
(134, 'TG/2019/004', 'CO 001', '2021-07-01', 'P', 1, 3),
(135, 'TG/2019/005', 'CO 001', '2021-07-01', 'P', 1, 3),
(136, 'TG/2019/006', 'CO 003', '2021-07-01', 'P', 0, 3),
(137, 'TG/2019/007', 'CO 003', '2021-07-01', 'P', 1, 3),
(138, 'TG/2019/008', 'CO 003', '2021-07-01', 'P', 1, 3),
(139, 'TG/2019/009', 'CO 003', '2021-07-01', 'P', 1, 3),
(140, 'TG/2019/010', 'CO 003', '2021-07-01', 'P', 0, 3),
(141, 'TG/2019/001', 'CO 004', '2021-07-01', 'T', 1, 2),
(142, 'TG/2019/002', 'CO 004', '2021-07-01', 'T', 1, 2),
(143, 'TG/2019/003', 'CO 004', '2021-07-01', 'T', 1, 2),
(144, 'TG/2019/004', 'CO 004', '2021-07-01', 'P', 1, 3),
(145, 'TG/2019/005', 'CO 004', '2021-07-01', 'P', 1, 3),
(146, 'TG/2019/006', 'CO 005', '2021-07-01', 'T', 0, 2),
(147, 'TG/2019/007', 'CO 005', '2021-07-01', 'P', 1, 3),
(148, 'TG/2019/008', 'CO 005', '2021-07-01', 'T', 1, 2),
(149, 'TG/2019/009', 'CO 005', '2021-07-01', 'T', 1, 2),
(150, 'TG/2019/010', 'CO 005', '2021-07-01', 'T', 0, 2),
(151, 'TG/2019/001', 'CO 006', '2021-07-01', 'P', 1, 3),
(152, 'TG/2019/002', 'CO 006', '2021-07-01', 'P', 1, 3),
(153, 'TG/2019/003', 'CO 006', '2021-07-01', 'P', 1, 3),
(154, 'TG/2019/004', 'CO 006', '2021-07-01', 'P', 1, 3),
(155, 'TG/2019/005', 'CO 006', '2021-07-01', 'P', 1, 3),
(156, 'TG/2019/006', 'CO 001', '2021-07-01', 'P', 0, 3),
(157, 'TG/2019/007', 'CO 001', '2021-07-01', 'P', 1, 3),
(158, 'TG/2019/008', 'CO 001', '2021-07-01', 'T', 1, 2),
(159, 'TG/2019/009', 'CO 001', '2021-07-01', 'T', 1, 2),
(160, 'TG/2019/010', 'CO 001', '2021-07-01', 'T', 0, 2),
(161, 'TG/2019/001', 'CO 002', '2021-06-21', 'T', 1, 2),
(162, 'TG/2019/002', 'CO 002', '2021-06-21', 'T', 1, 2),
(163, 'TG/2019/003', 'CO 002', '2021-06-21', 'T', 1, 2),
(164, 'TG/2019/004', 'CO 002', '2021-06-21', 'T', 1, 2),
(165, 'TG/2019/005', 'CO 002', '2021-06-21', 'T', 1, 2),
(166, 'TG/2019/006', 'CO 002', '2021-06-22', 'T', 0, 2),
(167, 'TG/2019/007', 'CO 002', '2021-06-22', 'T', 1, 2),
(168, 'TG/2019/008', 'CO 002', '2021-06-22', 'T', 1, 2),
(169, 'TG/2019/009', 'CO 002', '2021-06-22', 'T', 1, 2),
(170, 'TG/2019/010', 'CO 002', '2021-06-22', 'T', 0, 2),
(171, 'TG/2019/001', 'CO 001', '2021-06-23', 'T', 1, 2),
(172, 'TG/2019/002', 'CO 001', '2021-06-23', 'T', 1, 2),
(173, 'TG/2019/003', 'CO 001', '2021-06-23', 'T', 1, 2),
(174, 'TG/2019/004', 'CO 001', '2021-06-23', 'T', 1, 2),
(175, 'TG/2019/005', 'CO 001', '2021-06-23', 'T', 1, 2),
(176, 'TG/2019/006', 'CO 001', '2021-06-24', 'T', 0, 2),
(177, 'TG/2019/007', 'CO 001', '2021-06-24', 'P', 1, 3),
(178, 'TG/2019/008', 'CO 001', '2021-06-24', 'P', 1, 3),
(179, 'TG/2019/009', 'CO 001', '2021-06-24', 'P', 1, 3),
(180, 'TG/2019/010', 'CO 001', '2021-06-24', 'P', 0, 3),
(181, 'TG/2019/001', 'CO 001', '2021-06-25', 'P', 1, 3),
(182, 'TG/2019/002', 'CO 001', '2021-06-25', 'P', 1, 3),
(183, 'TG/2019/003', 'CO 001', '2021-06-25', 'P', 1, 3),
(184, 'TG/2019/004', 'CO 001', '2021-06-25', 'P', 1, 3),
(185, 'TG/2019/005', 'CO 001', '2021-06-25', 'P', 1, 3),
(186, 'TG/2019/006', 'CO 001', '2021-06-26', 'P', 0, 3),
(187, 'TG/2019/007', 'CO 001', '2021-06-26', 'P', 1, 3),
(188, 'TG/2019/008', 'CO 001', '2021-06-26', 'P', 1, 3),
(189, 'TG/2019/009', 'CO 001', '2021-06-26', 'P', 1, 3),
(190, 'TG/2019/010', 'CO 001', '2021-06-26', 'P', 0, 3),
(191, 'TG/2019/001', 'CO 003', '2021-06-11', 'P', 0, 3),
(192, 'TG/2019/002', 'CO 003', '2021-06-11', 'P', 0, 3),
(193, 'TG/2019/003', 'CO 003', '2021-06-11', 'T', 1, 2),
(194, 'TG/2019/004', 'CO 004', '2021-06-11', 'T', 1, 2),
(195, 'TG/2019/005', 'CO 004', '2021-06-11', 'P', 1, 3),
(196, 'TG/2019/006', 'CO 005', '2021-06-12', 'P', 0, 3),
(197, 'TG/2019/007', 'CO 005', '2021-06-12', 'P', 1, 3),
(198, 'TG/2019/008', 'CO 005', '2021-06-12', 'T', 0, 2),
(199, 'TG/2019/009', 'CO 005', '2021-06-12', 'T', 1, 2),
(200, 'TG/2019/010', 'CO 005', '2021-06-12', 'T', 0, 2),
(201, 'TG/2019/001', 'CO 006', '2021-06-13', 'T', 1, 2),
(202, 'TG/2019/002', 'CO 006', '2021-06-13', 'P', 0, 3),
(203, 'TG/2019/003', 'CO 006', '2021-06-13', 'P', 0, 3),
(204, 'TG/2019/004', 'CO 001', '2021-06-13', 'P', 1, 3),
(205, 'TG/2019/005', 'CO 001', '2021-06-13', 'P', 0, 3),
(206, 'TG/2019/006', 'CO 004', '2021-06-14', 'T', 0, 2),
(207, 'TG/2019/007', 'CO 004', '2021-06-14', 'T', 1, 2),
(208, 'TG/2019/008', 'CO 004', '2021-06-14', 'P', 1, 3),
(209, 'TG/2019/009', 'CO 004', '2021-06-14', 'P', 1, 3),
(210, 'TG/2019/010', 'CO 003', '2021-06-14', 'T', 0, 2),
(211, 'TG/2019/001', 'CO 003', '2021-06-15', 'P', 1, 3),
(212, 'TG/2019/002', 'CO 003', '2021-06-15', 'P', 1, 3),
(213, 'TG/2019/003', 'CO 003', '2021-06-15', 'P', 1, 3),
(214, 'TG/2019/004', 'CO 003', '2021-06-15', 'P', 0, 3),
(215, 'TG/2019/005', 'CO 001', '2021-06-15', 'P', 1, 3),
(216, 'TG/2019/006', 'CO 004', '2021-06-16', 'T', 0, 2),
(217, 'TG/2019/007', 'CO 004', '2021-06-16', 'T', 1, 2),
(218, 'TG/2019/008', 'CO 005', '2021-06-16', 'T', 1, 2),
(219, 'TG/2019/009', 'CO 005', '2021-06-16', 'T', 1, 2),
(220, 'TG/2019/010', 'CO 005', '2021-06-16', 'T', 0, 2),
(221, 'TG/2019/001', 'CO 004', '2021-05-17', 'T', 1, 2),
(222, 'TG/2019/002', 'CO 004', '2021-05-17', 'T', 1, 2),
(223, 'TG/2019/003', 'CO 004', '2021-05-17', 'T', 1, 2),
(224, 'TG/2019/004', 'CO 004', '2021-05-17', 'T', 1, 2),
(225, 'TG/2019/005', 'CO 004', '2021-05-17', 'P', 1, 3),
(226, 'TG/2019/006', 'CO 004', '2021-05-18', 'P', 0, 3),
(227, 'TG/2019/007', 'CO 004', '2021-05-18', 'P', 1, 3),
(228, 'TG/2019/008', 'CO 005', '2021-05-18', 'P', 1, 3),
(229, 'TG/2019/009', 'CO 005', '2021-05-18', 'T', 1, 2),
(230, 'TG/2019/010', 'CO 005', '2021-05-18', 'T', 0, 2),
(231, 'TG/2019/001', 'CO 005', '2021-05-19', 'P', 1, 3),
(232, 'TG/2019/002', 'CO 006', '2021-05-19', 'T', 1, 2),
(233, 'TG/2019/003', 'CO 006', '2021-05-19', 'P', 1, 3),
(234, 'TG/2019/004', 'CO 006', '2021-05-19', 'T', 1, 2),
(235, 'TG/2019/005', 'CO 001', '2021-05-19', 'P', 1, 3),
(236, 'TG/2019/006', 'CO 001', '2021-05-20', 'P', 0, 3),
(237, 'TG/2019/007', 'CO 001', '2021-05-20', 'T', 1, 2),
(238, 'TG/2019/008', 'CO 004', '2021-05-20', 'T', 1, 2),
(239, 'TG/2019/009', 'CO 004', '2021-05-20', 'P', 1, 3),
(240, 'TG/2019/010', 'CO 004', '2021-05-20', 'T', 0, 2),
(241, 'TG/2019/001', 'CO 004', '2021-05-21', 'P', 1, 3),
(242, 'TG/2019/002', 'CO 006', '2021-05-21', 'P', 1, 3),
(243, 'TG/2019/003', 'CO 006', '2021-05-21', 'P', 1, 3),
(244, 'TG/2019/004', 'CO 006', '2021-05-21', 'P', 1, 3),
(245, 'TG/2019/005', 'CO 006', '2021-05-21', 'P', 1, 3),
(246, 'TG/2019/006', 'CO 006', '2021-05-22', 'P', 0, 3),
(247, 'TG/2019/007', 'CO 006', '2021-05-22', 'T', 1, 2),
(248, 'TG/2019/008', 'CO 003', '2021-05-22', 'T', 1, 2),
(249, 'TG/2019/009', 'CO 003', '2021-05-22', 'T', 1, 2),
(250, 'TG/2019/010', 'CO 003', '2021-05-22', 'T', 0, 2),
(251, 'TG/2019/001', 'CO 006', '2021-04-23', 'P', 1, 3),
(252, 'TG/2019/002', 'CO 006', '2021-04-23', 'P', 1, 3),
(253, 'TG/2019/003', 'CO 006', '2021-04-23', 'P', 1, 3),
(254, 'TG/2019/004', 'CO 006', '2021-04-23', 'P', 1, 3),
(255, 'TG/2019/005', 'CO 006', '2021-04-23', 'P', 1, 3),
(256, 'TG/2019/006', 'CO 005', '2021-04-23', 'T', 0, 2),
(257, 'TG/2019/007', 'CO 005', '2021-04-24', 'P', 1, 3),
(258, 'TG/2019/008', 'CO 005', '2021-04-24', 'P', 1, 3),
(259, 'TG/2019/009', 'CO 005', '2021-04-24', 'T', 1, 2),
(260, 'TG/2019/010', 'CO 005', '2021-04-24', 'T', 0, 2),
(271, 'TG/2019/001', 'CO 004', '2021-04-24', 'P', 1, 3),
(272, 'TG/2019/002', 'CO 004', '2021-04-25', 'P', 1, 3),
(273, 'TG/2019/003', 'CO 004', '2021-04-25', 'P', 1, 3),
(274, 'TG/2019/004', 'CO 004', '2021-04-25', 'T', 1, 2),
(275, 'TG/2019/005', 'CO 004', '2021-04-25', 'T', 1, 2),
(276, 'TG/2019/006', 'CO 003', '2021-04-25', 'T', 0, 2),
(277, 'TG/2019/007', 'CO 003', '2021-04-26', 'P', 1, 3),
(278, 'TG/2019/008', 'CO 003', '2021-04-26', 'T', 1, 2),
(279, 'TG/2019/009', 'CO 003', '2021-04-26', 'T', 1, 2),
(280, 'TG/2019/010', 'CO 003', '2021-04-26', 'T', 0, 2),
(281, 'TG/2019/001', 'CO 001', '2021-04-26', 'P', 1, 3),
(282, 'TG/2019/002', 'CO 001', '2021-04-27', 'P', 1, 3),
(283, 'TG/2019/003', 'CO 001', '2021-04-27', 'P', 1, 3),
(284, 'TG/2019/004', 'CO 001', '2021-04-27', 'P', 1, 3),
(285, 'TG/2019/005', 'CO 001', '2021-04-27', 'P', 1, 3),
(286, 'TG/2019/006', 'CO 006', '2021-04-27', 'T', 0, 2),
(287, 'TG/2019/007', 'CO 006', '2021-04-28', 'T', 1, 2),
(288, 'TG/2019/008', 'CO 006', '2021-04-28', 'T', 1, 2),
(289, 'TG/2019/009', 'CO 006', '2021-04-28', 'T', 1, 2),
(300, 'TG/2019/010', 'CO 006', '2021-04-28', 'T', 0, 2),
(301, 'TG/2019/001', 'CO 001', '2021-07-30', 'T', 1, 2),
(302, 'TG/2019/002', 'CO 001', '2021-07-30', 'T', 1, 2),
(303, 'TG/2019/003', 'CO 001', '2021-07-30', 'T', 1, 2),
(304, 'TG/2019/004', 'CO 001', '2021-07-30', 'P', 1, 3),
(305, 'TG/2019/005', 'CO 001', '2021-07-30', 'P', 1, 3),
(306, 'TG/2019/006', 'CO 003', '2021-07-30', 'P', 0, 3),
(307, 'TG/2019/007', 'CO 003', '2021-07-30', 'P', 1, 3),
(308, 'TG/2019/008', 'CO 003', '2021-07-30', 'P', 1, 3),
(309, 'TG/2019/009', 'CO 003', '2021-07-30', 'P', 1, 3),
(310, 'TG/2019/010', 'CO 003', '2021-07-30', 'P', 0, 3),
(311, 'TG/2019/001', 'CO 004', '2021-07-30', 'T', 1, 2),
(312, 'TG/2019/002', 'CO 004', '2021-07-30', 'T', 1, 2),
(313, 'TG/2019/003', 'CO 004', '2021-07-30', 'T', 1, 2),
(314, 'TG/2019/004', 'CO 004', '2021-07-30', 'P', 1, 3),
(315, 'TG/2019/005', 'CO 004', '2021-07-30', 'P', 1, 3),
(316, 'TG/2019/006', 'CO 005', '2021-07-31', 'T', 0, 2),
(317, 'TG/2019/007', 'CO 005', '2021-07-31', 'P', 1, 3),
(318, 'TG/2019/008', 'CO 005', '2021-07-31', 'T', 1, 2),
(319, 'TG/2019/009', 'CO 005', '2021-07-31', 'T', 1, 2),
(320, 'TG/2019/010', 'CO 005', '2021-07-31', 'T', 0, 2),
(321, 'TG/2019/001', 'CO 006', '2021-07-31', 'P', 1, 3),
(322, 'TG/2019/002', 'CO 006', '2021-07-31', 'P', 1, 3),
(323, 'TG/2019/003', 'CO 006', '2021-07-31', 'P', 1, 3),
(324, 'TG/2019/004', 'CO 006', '2021-07-31', 'P', 1, 3),
(325, 'TG/2019/005', 'CO 006', '2021-07-31', 'P', 1, 3),
(326, 'TG/2019/006', 'CO 001', '2021-07-31', 'P', 0, 3),
(327, 'TG/2019/007', 'CO 001', '2021-07-31', 'P', 1, 3),
(328, 'TG/2019/008', 'CO 001', '2021-07-31', 'T', 1, 2),
(329, 'TG/2019/009', 'CO 001', '2021-07-31', 'T', 1, 2),
(330, 'TG/2019/010', 'CO 001', '2021-07-31', 'T', 0, 2),
(331, 'TG/2019/001', 'CO 002', '2021-06-02', 'T', 1, 2),
(332, 'TG/2019/002', 'CO 002', '2021-06-02', 'T', 1, 2),
(333, 'TG/2019/003', 'CO 002', '2021-06-02', 'T', 1, 2),
(334, 'TG/2019/004', 'CO 002', '2021-06-02', 'T', 1, 2),
(335, 'TG/2019/005', 'CO 002', '2021-06-02', 'T', 1, 2),
(336, 'TG/2019/006', 'CO 002', '2021-06-02', 'T', 0, 2),
(337, 'TG/2019/007', 'CO 002', '2021-06-02', 'T', 1, 2),
(338, 'TG/2019/008', 'CO 002', '2021-06-02', 'T', 1, 2),
(339, 'TG/2019/009', 'CO 002', '2021-06-02', 'T', 1, 2),
(340, 'TG/2019/010', 'CO 001', '2021-06-03', 'P', 0, 3),
(341, 'TG/2019/001', 'CO 003', '2021-06-04', 'P', 0, 3),
(342, 'TG/2019/002', 'CO 003', '2021-06-04', 'P', 0, 3),
(343, 'TG/2019/003', 'CO 003', '2021-06-04', 'T', 1, 2),
(344, 'TG/2019/004', 'CO 004', '2021-06-04', 'T', 1, 2),
(345, 'TG/2019/005', 'CO 004', '2021-06-04', 'P', 1, 3),
(346, 'TG/2019/006', 'CO 005', '2021-06-04', 'P', 0, 3),
(347, 'TG/2019/007', 'CO 005', '2021-06-04', 'P', 1, 3),
(348, 'TG/2019/008', 'CO 005', '2021-06-04', 'T', 0, 2),
(349, 'TG/2019/009', 'CO 005', '2021-06-04', 'T', 1, 2),
(350, 'TG/2019/010', 'CO 005', '2021-06-04', 'T', 0, 2),
(351, 'TG/2019/001', 'CO 006', '2021-06-04', 'T', 1, 2),
(352, 'TG/2019/002', 'CO 006', '2021-06-04', 'P', 0, 3),
(353, 'TG/2019/003', 'CO 006', '2021-06-04', 'P', 0, 3),
(354, 'TG/2019/004', 'CO 001', '2021-06-04', 'P', 1, 3),
(355, 'TG/2019/005', 'CO 001', '2021-06-04', 'P', 0, 3),
(356, 'TG/2019/006', 'CO 004', '2021-06-05', 'T', 0, 2),
(357, 'TG/2019/007', 'CO 004', '2021-06-05', 'T', 1, 2),
(358, 'TG/2019/008', 'CO 004', '2021-06-05', 'P', 1, 3),
(359, 'TG/2019/009', 'CO 004', '2021-06-05', 'P', 1, 3),
(360, 'TG/2019/010', 'CO 003', '2021-06-05', 'T', 0, 2),
(361, 'TG/2019/001', 'CO 003', '2021-06-05', 'P', 1, 3),
(362, 'TG/2019/002', 'CO 003', '2021-06-05', 'P', 1, 3),
(363, 'TG/2019/003', 'CO 003', '2021-06-05', 'P', 1, 3),
(364, 'TG/2019/004', 'CO 003', '2021-06-05', 'P', 0, 3),
(365, 'TG/2019/005', 'CO 001', '2021-06-05', 'P', 1, 3),
(366, 'TG/2019/006', 'CO 004', '2021-06-05', 'T', 0, 2),
(367, 'TG/2019/007', 'CO 004', '2021-06-05', 'T', 1, 2),
(368, 'TG/2019/008', 'CO 005', '2021-06-05', 'T', 1, 2),
(369, 'TG/2019/009', 'CO 005', '2021-06-05', 'T', 1, 2),
(370, 'TG/2019/010', 'CO 005', '2021-06-05', 'T', 0, 2),
(371, 'TG/2019/001', 'CO 004', '2021-05-06', 'T', 1, 2),
(372, 'TG/2019/002', 'CO 004', '2021-05-06', 'T', 1, 2),
(373, 'TG/2019/003', 'CO 004', '2021-05-06', 'T', 1, 2),
(374, 'TG/2019/004', 'CO 004', '2021-05-06', 'T', 1, 2),
(375, 'TG/2019/005', 'CO 004', '2021-05-06', 'P', 1, 3),
(376, 'TG/2019/006', 'CO 004', '2021-05-06', 'P', 0, 3),
(377, 'TG/2019/007', 'CO 004', '2021-05-06', 'P', 1, 3),
(378, 'TG/2019/008', 'CO 005', '2021-05-06', 'P', 1, 3),
(379, 'TG/2019/009', 'CO 005', '2021-05-06', 'T', 1, 2),
(380, 'TG/2019/010', 'CO 005', '2021-05-06', 'T', 0, 2),
(381, 'TG/2019/001', 'CO 005', '2021-05-06', 'P', 1, 3),
(382, 'TG/2019/002', 'CO 006', '2021-05-06', 'T', 1, 2),
(383, 'TG/2019/003', 'CO 006', '2021-05-06', 'P', 1, 3),
(384, 'TG/2019/004', 'CO 006', '2021-05-06', 'T', 1, 2),
(385, 'TG/2019/005', 'CO 001', '2021-05-06', 'P', 1, 3),
(386, 'TG/2019/006', 'CO 001', '2021-05-07', 'P', 0, 3),
(387, 'TG/2019/007', 'CO 001', '2021-05-07', 'T', 1, 2),
(388, 'TG/2019/008', 'CO 004', '2021-05-07', 'T', 1, 2),
(389, 'TG/2019/009', 'CO 004', '2021-05-07', 'P', 1, 3),
(390, 'TG/2019/010', 'CO 004', '2021-05-07', 'T', 0, 2),
(391, 'TG/2019/001', 'CO 004', '2021-05-07', 'P', 1, 3),
(392, 'TG/2019/002', 'CO 006', '2021-05-07', 'P', 1, 3),
(393, 'TG/2019/003', 'CO 006', '2021-05-07', 'P', 1, 3),
(394, 'TG/2019/004', 'CO 006', '2021-05-07', 'P', 1, 3),
(395, 'TG/2019/005', 'CO 006', '2021-05-07', 'P', 1, 3),
(396, 'TG/2019/006', 'CO 006', '2021-05-07', 'P', 0, 3),
(397, 'TG/2019/007', 'CO 006', '2021-05-07', 'T', 1, 2),
(398, 'TG/2019/008', 'CO 003', '2021-05-07', 'T', 1, 2),
(399, 'TG/2019/009', 'CO 003', '2021-05-07', 'T', 1, 2),
(400, 'TG/2019/010', 'CO 003', '2021-05-07', 'T', 0, 2),
(401, 'TG/2019/001', 'CO 006', '2021-04-08', 'P', 1, 3),
(402, 'TG/2019/002', 'CO 006', '2021-04-08', 'P', 1, 3),
(403, 'TG/2019/003', 'CO 006', '2021-04-08', 'P', 1, 3),
(404, 'TG/2019/004', 'CO 006', '2021-04-08', 'P', 1, 3),
(405, 'TG/2019/005', 'CO 006', '2021-04-08', 'P', 1, 3),
(406, 'TG/2019/006', 'CO 005', '2021-04-08', 'T', 0, 2),
(407, 'TG/2019/007', 'CO 005', '2021-04-08', 'P', 1, 3),
(408, 'TG/2019/008', 'CO 005', '2021-04-08', 'P', 1, 3),
(409, 'TG/2019/009', 'CO 005', '2021-04-08', 'T', 1, 2),
(410, 'TG/2019/010', 'CO 005', '2021-04-08', 'T', 0, 2),
(411, 'TG/2019/001', 'CO 004', '2021-04-08', 'P', 1, 3),
(412, 'TG/2019/002', 'CO 004', '2021-04-08', 'P', 1, 3),
(413, 'TG/2019/003', 'CO 004', '2021-04-08', 'P', 1, 3),
(414, 'TG/2019/004', 'CO 004', '2021-04-08', 'T', 1, 2),
(415, 'TG/2019/005', 'CO 004', '2021-04-08', 'T', 1, 2),
(416, 'TG/2019/006', 'CO 003', '2021-04-09', 'T', 0, 2),
(417, 'TG/2019/007', 'CO 003', '2021-04-09', 'P', 1, 3),
(418, 'TG/2019/008', 'CO 003', '2021-04-09', 'T', 1, 2),
(419, 'TG/2019/009', 'CO 003', '2021-04-09', 'T', 1, 2),
(420, 'TG/2019/010', 'CO 003', '2021-04-09', 'T', 0, 2),
(421, 'TG/2019/001', 'CO 001', '2021-04-09', 'P', 1, 3),
(422, 'TG/2019/002', 'CO 001', '2021-04-09', 'P', 1, 3),
(423, 'TG/2019/003', 'CO 001', '2021-04-09', 'P', 1, 3),
(424, 'TG/2019/004', 'CO 001', '2021-04-09', 'P', 1, 3),
(425, 'TG/2019/005', 'CO 001', '2021-04-09', 'P', 1, 3),
(426, 'TG/2019/006', 'CO 006', '2021-04-09', 'T', 0, 2),
(427, 'TG/2019/007', 'CO 006', '2021-04-09', 'T', 1, 2),
(428, 'TG/2019/008', 'CO 006', '2021-04-09', 'T', 1, 2),
(429, 'TG/2019/009', 'CO 006', '2021-04-09', 'T', 1, 2),
(430, 'TG/2019/010', 'CO 006', '2021-04-09', 'T', 0, 2),
(431, 'TG/2019/001', 'CO 001', '2021-07-10', 'T', 1, 2),
(432, 'TG/2019/002', 'CO 001', '2021-07-10', 'T', 1, 2),
(433, 'TG/2019/003', 'CO 001', '2021-07-10', 'T', 1, 2),
(434, 'TG/2019/004', 'CO 001', '2021-07-10', 'P', 1, 3),
(435, 'TG/2019/005', 'CO 001', '2021-07-10', 'P', 1, 3),
(436, 'TG/2019/006', 'CO 003', '2021-07-10', 'P', 0, 3),
(437, 'TG/2019/007', 'CO 003', '2021-07-10', 'P', 1, 3),
(438, 'TG/2019/008', 'CO 003', '2021-07-10', 'P', 1, 3),
(439, 'TG/2019/009', 'CO 003', '2021-07-10', 'P', 1, 3),
(440, 'TG/2019/010', 'CO 003', '2021-07-10', 'P', 0, 3),
(441, 'TG/2019/001', 'CO 004', '2021-07-10', 'T', 1, 2),
(442, 'TG/2019/002', 'CO 004', '2021-07-10', 'T', 1, 2),
(443, 'TG/2019/003', 'CO 004', '2021-07-10', 'T', 1, 2),
(444, 'TG/2019/004', 'CO 004', '2021-07-10', 'P', 1, 3),
(445, 'TG/2019/005', 'CO 004', '2021-07-10', 'P', 1, 3),
(446, 'TG/2019/006', 'CO 005', '2021-07-11', 'T', 0, 2),
(447, 'TG/2019/007', 'CO 005', '2021-07-11', 'P', 1, 3),
(448, 'TG/2019/008', 'CO 005', '2021-07-11', 'T', 1, 2),
(449, 'TG/2019/009', 'CO 005', '2021-07-11', 'T', 1, 2),
(450, 'TG/2019/010', 'CO 005', '2021-07-11', 'T', 0, 2),
(451, 'TG/2019/001', 'CO 006', '2021-07-11', 'P', 1, 3),
(452, 'TG/2019/002', 'CO 006', '2021-07-11', 'P', 1, 3),
(453, 'TG/2019/003', 'CO 006', '2021-07-11', 'P', 1, 3),
(454, 'TG/2019/004', 'CO 006', '2021-07-11', 'P', 1, 3),
(455, 'TG/2019/005', 'CO 006', '2021-07-11', 'P', 1, 3),
(456, 'TG/2019/006', 'CO 001', '2021-07-11', 'P', 0, 3),
(457, 'TG/2019/007', 'CO 001', '2021-07-11', 'P', 1, 3),
(458, 'TG/2019/008', 'CO 001', '2021-07-11', 'T', 1, 2),
(459, 'TG/2019/009', 'CO 001', '2021-07-11', 'T', 1, 2),
(460, 'TG/2019/010', 'CO 001', '2021-07-11', 'T', 0, 2),
(461, 'TG/2019/010', 'CO 002', '2021-06-02', 'T', 0, 2),
(462, 'TG/2019/001', 'CO 001', '2021-06-02', 'T', 1, 2),
(463, 'TG/2019/002', 'CO 001', '2021-06-02', 'T', 1, 2),
(464, 'TG/2019/003', 'CO 001', '2021-06-02', 'T', 1, 2),
(465, 'TG/2019/004', 'CO 001', '2021-06-02', 'T', 1, 2),
(466, 'TG/2019/005', 'CO 001', '2021-06-02', 'T', 1, 2),
(467, 'TG/2019/006', 'CO 001', '2021-06-03', 'T', 0, 2),
(468, 'TG/2019/007', 'CO 001', '2021-06-03', 'P', 1, 3),
(469, 'TG/2019/008', 'CO 001', '2021-06-03', 'P', 1, 3),
(470, 'TG/2019/009', 'CO 001', '2021-06-03', 'P', 1, 3),
(471, 'TG/2019/010', 'CO 001', '2021-06-03', 'P', 0, 3),
(472, 'TG/2019/001', 'CO 001', '2021-06-03', 'P', 1, 3),
(473, 'TG/2019/002', 'CO 001', '2021-06-03', 'P', 1, 3),
(474, 'TG/2019/003', 'CO 001', '2021-06-03', 'P', 1, 3),
(475, 'TG/2019/004', 'CO 001', '2021-06-03', 'P', 1, 3),
(476, 'TG/2019/005', 'CO 001', '2021-06-03', 'P', 1, 3),
(477, 'TG/2019/006', 'CO 001', '2021-06-03', 'P', 0, 3),
(478, 'TG/2019/007', 'CO 001', '2021-06-03', 'P', 1, 3),
(479, 'TG/2019/008', 'CO 001', '2021-06-03', 'P', 1, 3),
(480, 'TG/2019/009', 'CO 001', '2021-06-03', 'P', 1, 3),
(481, 'TG/2019/481', 'CO 001', '2022-05-17', 'T', 1, 2);

-- --------------------------------------------------------

--
-- Stand-in structure for view `attendance_summary`
-- (See below for the actual view)
--
DROP VIEW IF EXISTS `attendance_summary`;
CREATE TABLE IF NOT EXISTS `attendance_summary` (
`Index_Number` varchar(20)
,`First_Name` varchar(255)
,`Last_Name` varchar(255)
,`Student_Attendance` bigint(21)
);

-- --------------------------------------------------------

--
-- Stand-in structure for view `ca_summary`
-- (See below for the actual view)
--
DROP VIEW IF EXISTS `ca_summary`;
CREATE TABLE IF NOT EXISTS `ca_summary` (
`f_name` varchar(255)
,`CA_Average` double(17,0)
);

-- --------------------------------------------------------

--
-- Table structure for table `course_material`
--

DROP TABLE IF EXISTS `course_material`;
CREATE TABLE IF NOT EXISTS `course_material` (
  `cm_id` int(11) NOT NULL AUTO_INCREMENT,
  `description` varchar(200) NOT NULL,
  `file_path` varchar(200) NOT NULL,
  `course_mod` varchar(50) NOT NULL,
  PRIMARY KEY (`cm_id`)
) ENGINE=MyISAM DEFAULT CHARSET=latin1;

-- --------------------------------------------------------

--
-- Table structure for table `course_module`
--

DROP TABLE IF EXISTS `course_module`;
CREATE TABLE IF NOT EXISTS `course_module` (
  `cmod_id` varchar(10) NOT NULL,
  `cmod_name` varchar(255) NOT NULL,
  `cmod_credite` tinyint(4) NOT NULL,
  `cmod_dep_id` varchar(10) NOT NULL,
  `cmod_lec_id` varchar(10) NOT NULL,
  `level` int(11) NOT NULL,
  `quiz_marks` int(11) NOT NULL DEFAULT '0',
  `assess_marks` int(11) NOT NULL DEFAULT '0',
  `mid_marks` int(11) NOT NULL DEFAULT '0',
  `theory_marks` int(11) NOT NULL DEFAULT '0',
  `patrical_marks` int(11) NOT NULL DEFAULT '0',
  `con_quiz` int(11) NOT NULL,
  `con_ass` int(11) NOT NULL,
  PRIMARY KEY (`cmod_id`)
) ENGINE=InnoDB DEFAULT CHARSET=utf8;

--
-- Dumping data for table `course_module`
--

INSERT INTO `course_module` (`cmod_id`, `cmod_name`, `cmod_credite`, `cmod_dep_id`, `cmod_lec_id`, `level`, `quiz_marks`, `assess_marks`, `mid_marks`, `theory_marks`, `patrical_marks`, `con_quiz`, `con_ass`) VALUES
('CO 001', 'Computer Architecture', 2, 'ICT', 'LEC/001', 1, 10, 20, 0, 40, 30, 2, 2),
('CO 002', 'Fundamentals of Programming', 3, 'ICT', 'LEC/003', 1, 10, 0, 20, 40, 30, 2, 0),
('CO 003', 'Database Management Systems', 4, 'ICT', 'LEC/004', 1, 10, 0, 20, 40, 30, 2, 0),
('CO 004', 'PC Application & Computer Laboratory', 2, 'ICT', 'LEC/002', 1, 10, 20, 0, 40, 30, 2, 2),
('CO 006', 'Computer Hardware', 3, 'ICT', 'LEC/004', 1, 10, 10, 20, 60, 0, 3, 2);

-- --------------------------------------------------------

--
-- Table structure for table `dean`
--

DROP TABLE IF EXISTS `dean`;
CREATE TABLE IF NOT EXISTS `dean` (
  `de_id` varchar(15) NOT NULL,
  `de_fname` varchar(255) NOT NULL,
  `de_lname` varchar(255) NOT NULL,
  `gender` varchar(10) NOT NULL,
  `address_l1` varchar(255) NOT NULL,
  `address_l2` varchar(255) NOT NULL,
  `dob` date NOT NULL,
  `phone_num` int(11) NOT NULL,
  `start_day` date NOT NULL,
  PRIMARY KEY (`de_id`)
) ENGINE=InnoDB DEFAULT CHARSET=utf8;

--
-- Dumping data for table `dean`
--

INSERT INTO `dean` (`de_id`, `de_fname`, `de_lname`, `gender`, `address_l1`, `address_l2`, `dob`, `phone_num`, `start_day`) VALUES
('DE/001', 'K.M. Kasun Dananjaya', 'Kulathilaka', 'Male', 'NO. 582,\r\nheight level road,', 'Mathale', '1962-05-06', 758945685, '2018-01-03');

-- --------------------------------------------------------

--
-- Table structure for table `dean_email`
--

DROP TABLE IF EXISTS `dean_email`;
CREATE TABLE IF NOT EXISTS `dean_email` (
  `de_de_id` varchar(20) NOT NULL,
  `de_email` varchar(255) NOT NULL,
  PRIMARY KEY (`de_de_id`)
) ENGINE=InnoDB DEFAULT CHARSET=utf8;

--
-- Dumping data for table `dean_email`
--

INSERT INTO `dean_email` (`de_de_id`, `de_email`) VALUES
('DE/001', 'kasundananjaya@email.com');

-- --------------------------------------------------------

--
-- Table structure for table `demonstrators`
--

DROP TABLE IF EXISTS `demonstrators`;
CREATE TABLE IF NOT EXISTS `demonstrators` (
  `demo_id` varchar(20) NOT NULL,
  `f_name` varchar(255) NOT NULL,
  `l_name` varchar(255) NOT NULL,
  `address_l1` varchar(255) NOT NULL,
  `address_l2` varchar(255) NOT NULL,
  `gender` varchar(10) NOT NULL,
  `dob` date NOT NULL,
  `phone_num` varchar(15) NOT NULL,
  PRIMARY KEY (`demo_id`)
) ENGINE=InnoDB DEFAULT CHARSET=utf8;

--
-- Dumping data for table `demonstrators`
--

INSERT INTO `demonstrators` (`demo_id`, `f_name`, `l_name`, `address_l1`, `address_l2`, `gender`, `dob`, `phone_num`) VALUES
('DEMO/001', 'J.K. Chamod Induwara', 'Jayathilaka', 'No.52, Galhitiyawa', '\r\nMunamalgamuwa', 'Male', '1975-05-15', '0768945685'),
('Demo/002', 'A.M. Wasantha', 'Adhikari', 'No:25, kelediwulwewa ', 'Eppawala', 'Male', '1979-05-25', '0729654879'),
('DEMO/003', 'A.A. Samudra', 'Ahelepola', 'NO.25/100, main road', 'Kandy', 'Female', '1965-10-02', '0755689752'),
('DEMO/004', 'K.M. Sachini', 'Kularathna', 'NO. 65, Kumara road,', 'Madakalapuwa', 'Female', '1956-11-11', '0724587965');

-- --------------------------------------------------------

--
-- Table structure for table `demonstrators_email`
--

DROP TABLE IF EXISTS `demonstrators_email`;
CREATE TABLE IF NOT EXISTS `demonstrators_email` (
  `de_demo_id` varchar(15) NOT NULL,
  `de_email` varchar(255) NOT NULL,
  PRIMARY KEY (`de_demo_id`)
) ENGINE=InnoDB DEFAULT CHARSET=utf8;

--
-- Dumping data for table `demonstrators_email`
--

INSERT INTO `demonstrators_email` (`de_demo_id`, `de_email`) VALUES
('DEMO/001', 'chamod@email.com'),
('DEMO/002', 'wasantha@email.com'),
('DEMO/003', 'samudra@email.com'),
('DEMO/004', 'sachini@email.com');

-- --------------------------------------------------------

--
-- Table structure for table `department`
--

DROP TABLE IF EXISTS `department`;
CREATE TABLE IF NOT EXISTS `department` (
  `dep_id` varchar(10) NOT NULL,
  `dep_name` varchar(255) NOT NULL,
  PRIMARY KEY (`dep_id`)
) ENGINE=InnoDB DEFAULT CHARSET=utf8;

--
-- Dumping data for table `department`
--

INSERT INTO `department` (`dep_id`, `dep_name`) VALUES
('BST', 'Bio System Technology '),
('ET', 'Engineering technology '),
('ICT', 'Information Communication Technology');

-- --------------------------------------------------------

--
-- Table structure for table `exam_marks`
--

DROP TABLE IF EXISTS `exam_marks`;
CREATE TABLE IF NOT EXISTS `exam_marks` (
  `exm_id` int(11) NOT NULL AUTO_INCREMENT,
  `exm_st_id` varchar(20) NOT NULL,
  `exm_cmod_id` varchar(10) NOT NULL,
  `exm_type` varchar(10) NOT NULL,
  `exm_score` varchar(10) NOT NULL,
  PRIMARY KEY (`exm_id`)
) ENGINE=InnoDB AUTO_INCREMENT=494 DEFAULT CHARSET=utf8;

--
-- Dumping data for table `exam_marks`
--

INSERT INTO `exam_marks` (`exm_id`, `exm_st_id`, `exm_cmod_id`, `exm_type`, `exm_score`) VALUES
(1, 'TG/2019/001', 'CO 001', 'Q', '85'),
(2, 'TG/2019/002', 'CO 001', 'Q', '78'),
(3, 'TG/2019/003', 'CO 001', 'Q', '89'),
(4, 'TG/2019/004', 'CO 001', 'Q', '85'),
(5, 'TG/2019/005', 'CO 001', 'Q', '59'),
(6, 'TG/2019/006', 'CO 001', 'Q', '89'),
(7, 'TG/2019/007', 'CO 001', 'Q', '78'),
(8, 'TG/2019/008', 'CO 001', 'Q', '69'),
(9, 'TG/2019/009', 'CO 001', 'Q', '87'),
(10, 'TG/2019/010', 'CO 001', 'Q', '78'),
(11, 'TG/2019/001', 'CO 001', 'Q', '85'),
(12, 'TG/2019/002', 'CO 001', 'Q', '78'),
(13, 'TG/2019/003', 'CO 001', 'Q', '89'),
(14, 'TG/2019/004', 'CO 001', 'Q', '85'),
(15, 'TG/2019/005', 'CO 001', 'Q', '59'),
(16, 'TG/2019/006', 'CO 001', 'Q', '89'),
(17, 'TG/2019/007', 'CO 001', 'Q', '78'),
(18, 'TG/2019/008', 'CO 001', 'Q', '69'),
(19, 'TG/2019/009', 'CO 001', 'Q', '87'),
(20, 'TG/2019/010', 'CO 001', 'Q', '78'),
(21, 'TG/2019/001', 'CO 001', 'Q', '85'),
(22, 'TG/2019/002', 'CO 001', 'Q', '78'),
(23, 'TG/2019/003', 'CO 001', 'Q', '89'),
(24, 'TG/2019/004', 'CO 001', 'Q', '85'),
(25, 'TG/2019/005', 'CO 001', 'Q', '59'),
(26, 'TG/2019/006', 'CO 001', 'Q', '89'),
(27, 'TG/2019/007', 'CO 001', 'Q', '78'),
(28, 'TG/2019/008', 'CO 001', 'Q', '69'),
(29, 'TG/2019/009', 'CO 001', 'Q', '87'),
(30, 'TG/2019/010', 'CO 001', 'Q', '78'),
(31, 'TG/2019/001', 'CO 001', 'Q', '85'),
(32, 'TG/2019/002', 'CO 001', 'Q', '78'),
(33, 'TG/2019/003', 'CO 001', 'Q', '89'),
(34, 'TG/2019/004', 'CO 001', 'Q', '85'),
(35, 'TG/2019/005', 'CO 001', 'Q', '59'),
(36, 'TG/2019/006', 'CO 001', 'Q', '89'),
(37, 'TG/2019/007', 'CO 001', 'Q', '78'),
(38, 'TG/2019/008', 'CO 001', 'Q', '69'),
(39, 'TG/2019/009', 'CO 001', 'Q', '87'),
(40, 'TG/2019/010', 'CO 001', 'Q', '78'),
(41, 'TG/2019/001', 'CO 002', 'Q', '85'),
(42, 'TG/2019/002', 'CO 002', 'Q', '78'),
(43, 'TG/2019/003', 'CO 002', 'Q', '89'),
(44, 'TG/2019/004', 'CO 002', 'Q', '85'),
(45, 'TG/2019/005', 'CO 002', 'Q', '59'),
(46, 'TG/2019/006', 'CO 002', 'Q', '89'),
(47, 'TG/2019/007', 'CO 002', 'Q', '78'),
(48, 'TG/2019/008', 'CO 002', 'Q', '69'),
(49, 'TG/2019/009', 'CO 002', 'Q', '87'),
(50, 'TG/2019/010', 'CO 002', 'Q', '78'),
(51, 'TG/2019/001', 'CO 002', 'Q', '85'),
(52, 'TG/2019/002', 'CO 002', 'Q', '78'),
(53, 'TG/2019/003', 'CO 002', 'Q', '89'),
(54, 'TG/2019/004', 'CO 002', 'Q', '85'),
(55, 'TG/2019/005', 'CO 002', 'Q', '59'),
(56, 'TG/2019/006', 'CO 002', 'Q', '89'),
(57, 'TG/2019/007', 'CO 002', 'Q', '78'),
(58, 'TG/2019/008', 'CO 002', 'Q', '69'),
(59, 'TG/2019/009', 'CO 002', 'Q', '87'),
(60, 'TG/2019/010', 'CO 002', 'Q', '78'),
(61, 'TG/2019/001', 'CO 002', 'Q', '85'),
(62, 'TG/2019/002', 'CO 002', 'Q', '78'),
(63, 'TG/2019/003', 'CO 002', 'Q', '89'),
(64, 'TG/2019/004', 'CO 002', 'Q', '85'),
(65, 'TG/2019/005', 'CO 002', 'Q', '59'),
(66, 'TG/2019/006', 'CO 002', 'Q', '89'),
(67, 'TG/2019/007', 'CO 002', 'Q', '78'),
(68, 'TG/2019/008', 'CO 002', 'Q', '69'),
(69, 'TG/2019/009', 'CO 002', 'Q', '87'),
(70, 'TG/2019/010', 'CO 002', 'Q', '78'),
(71, 'TG/2019/001', 'CO 002', 'Q', '85'),
(72, 'TG/2019/002', 'CO 002', 'Q', '78'),
(73, 'TG/2019/003', 'CO 002', 'Q', '89'),
(74, 'TG/2019/004', 'CO 002', 'Q', '85'),
(75, 'TG/2019/005', 'CO 002', 'Q', '59'),
(76, 'TG/2019/006', 'CO 002', 'Q', '89'),
(77, 'TG/2019/007', 'CO 002', 'Q', '78'),
(78, 'TG/2019/008', 'CO 002', 'Q', '69'),
(79, 'TG/2019/009', 'CO 002', 'Q', '87'),
(80, 'TG/2019/010', 'CO 002', 'Q', '78'),
(81, 'TG/2019/001', 'CO 003', 'Q', '58'),
(82, 'TG/2019/002', 'CO 003', 'Q', '71'),
(83, 'TG/2019/003', 'CO 003', 'Q', '58'),
(84, 'TG/2019/004', 'CO 003', 'Q', '85'),
(85, 'TG/2019/005', 'CO 003', 'Q', '42'),
(86, 'TG/2019/006', 'CO 003', 'Q', '57'),
(87, 'TG/2019/007', 'CO 003', 'Q', '98'),
(88, 'TG/2019/008', 'CO 003', 'Q', '69'),
(89, 'TG/2019/009', 'CO 003', 'Q', '85'),
(90, 'TG/2019/010', 'CO 003', 'Q', '78'),
(91, 'TG/2019/001', 'CO 003', 'Q', '85'),
(92, 'TG/2019/002', 'CO 003', 'Q', '78'),
(93, 'TG/2019/003', 'CO 003', 'Q', '89'),
(94, 'TG/2019/004', 'CO 003', 'Q', '85'),
(95, 'TG/2019/005', 'CO 003', 'Q', '59'),
(96, 'TG/2019/006', 'CO 003', 'Q', '89'),
(97, 'TG/2019/007', 'CO 003', 'Q', '78'),
(98, 'TG/2019/008', 'CO 003', 'Q', '69'),
(99, 'TG/2019/009', 'CO 003', 'Q', '87'),
(100, 'TG/2019/010', 'CO 003', 'Q', '78'),
(101, 'TG/2019/001', 'CO 003', 'Q', '85'),
(102, 'TG/2019/002', 'CO 003', 'Q', '78'),
(103, 'TG/2019/003', 'CO 003', 'Q', '89'),
(104, 'TG/2019/004', 'CO 003', 'Q', '85'),
(105, 'TG/2019/005', 'CO 003', 'Q', '59'),
(106, 'TG/2019/006', 'CO 003', 'Q', '89'),
(107, 'TG/2019/007', 'CO 003', 'Q', '78'),
(108, 'TG/2019/008', 'CO 003', 'Q', '69'),
(109, 'TG/2019/009', 'CO 003', 'Q', '87'),
(110, 'TG/2019/010', 'CO 003', 'Q', '78'),
(111, 'TG/2019/001', 'CO 003', 'Q', '85'),
(112, 'TG/2019/002', 'CO 003', 'Q', '78'),
(113, 'TG/2019/003', 'CO 003', 'Q', '89'),
(114, 'TG/2019/004', 'CO 003', 'Q', '85'),
(115, 'TG/2019/005', 'CO 003', 'Q', '59'),
(116, 'TG/2019/006', 'CO 003', 'Q', '89'),
(117, 'TG/2019/007', 'CO 003', 'Q', '78'),
(118, 'TG/2019/008', 'CO 003', 'Q', '69'),
(119, 'TG/2019/009', 'CO 003', 'Q', '87'),
(120, 'TG/2019/010', 'CO 003', 'Q', '78'),
(121, 'TG/2019/001', 'CO 004', 'Q', '85'),
(122, 'TG/2019/002', 'CO 004', 'Q', '78'),
(123, 'TG/2019/003', 'CO 004', 'Q', '89'),
(124, 'TG/2019/004', 'CO 004', 'Q', '85'),
(125, 'TG/2019/005', 'CO 004', 'Q', '59'),
(126, 'TG/2019/006', 'CO 004', 'Q', '89'),
(127, 'TG/2019/007', 'CO 004', 'Q', '78'),
(128, 'TG/2019/008', 'CO 004', 'Q', '69'),
(129, 'TG/2019/009', 'CO 004', 'Q', '87'),
(130, 'TG/2019/010', 'CO 004', 'Q', '78'),
(131, 'TG/2019/001', 'CO 004', 'Q', '85'),
(132, 'TG/2019/002', 'CO 004', 'Q', '78'),
(133, 'TG/2019/003', 'CO 004', 'Q', '89'),
(134, 'TG/2019/004', 'CO 004', 'Q', '85'),
(135, 'TG/2019/005', 'CO 004', 'Q', '59'),
(136, 'TG/2019/006', 'CO 004', 'Q', '89'),
(137, 'TG/2019/007', 'CO 004', 'Q', '78'),
(138, 'TG/2019/008', 'CO 004', 'Q', '69'),
(139, 'TG/2019/009', 'CO 004', 'Q', '87'),
(140, 'TG/2019/010', 'CO 004', 'Q', '78'),
(141, 'TG/2019/001', 'CO 004', 'Q', '85'),
(142, 'TG/2019/002', 'CO 004', 'Q', '78'),
(143, 'TG/2019/003', 'CO 004', 'Q', '89'),
(144, 'TG/2019/004', 'CO 004', 'Q', '85'),
(145, 'TG/2019/005', 'CO 004', 'Q', '59'),
(146, 'TG/2019/006', 'CO 004', 'Q', '89'),
(147, 'TG/2019/007', 'CO 004', 'Q', '78'),
(148, 'TG/2019/008', 'CO 004', 'Q', '69'),
(149, 'TG/2019/009', 'CO 004', 'Q', '87'),
(150, 'TG/2019/010', 'CO 004', 'Q', '78'),
(151, 'TG/2019/001', 'CO 004', 'Q', '85'),
(152, 'TG/2019/002', 'CO 004', 'Q', '78'),
(153, 'TG/2019/003', 'CO 004', 'Q', '89'),
(154, 'TG/2019/004', 'CO 004', 'Q', '85'),
(155, 'TG/2019/005', 'CO 004', 'Q', '59'),
(156, 'TG/2019/006', 'CO 004', 'Q', '89'),
(157, 'TG/2019/007', 'CO 004', 'Q', '78'),
(158, 'TG/2019/008', 'CO 004', 'Q', '69'),
(159, 'TG/2019/009', 'CO 004', 'Q', '87'),
(160, 'TG/2019/010', 'CO 004', 'Q', '78'),
(161, 'TG/2019/001', 'CO 005', 'Q', '85'),
(162, 'TG/2019/002', 'CO 005', 'Q', '78'),
(163, 'TG/2019/003', 'CO 005', 'Q', '89'),
(164, 'TG/2019/004', 'CO 005', 'Q', '85'),
(165, 'TG/2019/005', 'CO 005', 'Q', '59'),
(166, 'TG/2019/006', 'CO 005', 'Q', '89'),
(167, 'TG/2019/007', 'CO 005', 'Q', '78'),
(168, 'TG/2019/008', 'CO 005', 'Q', '69'),
(169, 'TG/2019/009', 'CO 005', 'Q', '87'),
(170, 'TG/2019/010', 'CO 005', 'Q', '78'),
(171, 'TG/2019/001', 'CO 005', 'Q', '85'),
(172, 'TG/2019/002', 'CO 005', 'Q', '78'),
(173, 'TG/2019/003', 'CO 005', 'Q', '89'),
(174, 'TG/2019/004', 'CO 005', 'Q', '85'),
(175, 'TG/2019/005', 'CO 005', 'Q', '59'),
(176, 'TG/2019/006', 'CO 005', 'Q', '89'),
(177, 'TG/2019/007', 'CO 005', 'Q', '78'),
(178, 'TG/2019/008', 'CO 005', 'Q', '69'),
(179, 'TG/2019/009', 'CO 005', 'Q', '87'),
(180, 'TG/2019/010', 'CO 005', 'Q', '78'),
(181, 'TG/2019/001', 'CO 005', 'Q', '85'),
(182, 'TG/2019/002', 'CO 005', 'Q', '78'),
(183, 'TG/2019/003', 'CO 005', 'Q', '89'),
(184, 'TG/2019/004', 'CO 005', 'Q', '85'),
(185, 'TG/2019/005', 'CO 005', 'Q', '59'),
(186, 'TG/2019/006', 'CO 005', 'Q', '89'),
(187, 'TG/2019/007', 'CO 005', 'Q', '78'),
(188, 'TG/2019/008', 'CO 005', 'Q', '69'),
(189, 'TG/2019/009', 'CO 005', 'Q', '87'),
(190, 'TG/2019/010', 'CO 005', 'Q', '78'),
(191, 'TG/2019/001', 'CO 005', 'Q', '85'),
(192, 'TG/2019/002', 'CO 005', 'Q', '78'),
(193, 'TG/2019/003', 'CO 005', 'Q', '89'),
(194, 'TG/2019/004', 'CO 005', 'Q', '85'),
(195, 'TG/2019/005', 'CO 005', 'Q', '59'),
(196, 'TG/2019/006', 'CO 005', 'Q', '89'),
(197, 'TG/2019/007', 'CO 005', 'Q', '78'),
(198, 'TG/2019/008', 'CO 005', 'Q', '69'),
(199, 'TG/2019/009', 'CO 005', 'Q', '87'),
(200, 'TG/2019/010', 'CO 005', 'Q', '78'),
(201, 'TG/2019/001', 'CO 006', 'Q', '85'),
(202, 'TG/2019/002', 'CO 006', 'Q', '78'),
(203, 'TG/2019/003', 'CO 006', 'Q', '89'),
(204, 'TG/2019/004', 'CO 006', 'Q', '85'),
(205, 'TG/2019/005', 'CO 006', 'Q', '59'),
(206, 'TG/2019/006', 'CO 006', 'Q', '89'),
(207, 'TG/2019/007', 'CO 006', 'Q', '78'),
(208, 'TG/2019/008', 'CO 006', 'Q', '69'),
(209, 'TG/2019/009', 'CO 006', 'Q', '87'),
(210, 'TG/2019/010', 'CO 006', 'Q', '78'),
(211, 'TG/2019/001', 'CO 006', 'Q', '85'),
(212, 'TG/2019/002', 'CO 006', 'Q', '78'),
(213, 'TG/2019/003', 'CO 006', 'Q', '89'),
(214, 'TG/2019/004', 'CO 006', 'Q', '85'),
(215, 'TG/2019/005', 'CO 006', 'Q', '59'),
(216, 'TG/2019/006', 'CO 006', 'Q', '89'),
(217, 'TG/2019/007', 'CO 006', 'Q', '78'),
(218, 'TG/2019/008', 'CO 006', 'Q', '69'),
(219, 'TG/2019/009', 'CO 006', 'Q', '87'),
(220, 'TG/2019/010', 'CO 006', 'Q', '78'),
(221, 'TG/2019/001', 'CO 006', 'Q', '85'),
(222, 'TG/2019/002', 'CO 006', 'Q', '78'),
(223, 'TG/2019/003', 'CO 006', 'Q', '89'),
(224, 'TG/2019/004', 'CO 006', 'Q', '85'),
(225, 'TG/2019/005', 'CO 006', 'Q', '59'),
(226, 'TG/2019/006', 'CO 006', 'Q', '89'),
(227, 'TG/2019/007', 'CO 006', 'Q', '78'),
(228, 'TG/2019/008', 'CO 006', 'Q', '69'),
(229, 'TG/2019/009', 'CO 006', 'Q', '87'),
(230, 'TG/2019/010', 'CO 006', 'Q', '78'),
(231, 'TG/2019/001', 'CO 003', 'A', '87'),
(232, 'TG/2019/002', 'CO 003', 'A', '78'),
(233, 'TG/2019/003', 'CO 003', 'A', '82'),
(234, 'TG/2019/004', 'CO 003', 'A', '69'),
(235, 'TG/2019/005', 'CO 003', 'A', '85'),
(236, 'TG/2019/006', 'CO 003', 'A', '88'),
(237, 'TG/2019/007', 'CO 003', 'A', '78'),
(238, 'TG/2019/008', 'CO 003', 'A', '69'),
(239, 'TG/2019/009', 'CO 003', 'A', '58'),
(240, 'TG/2019/010', 'CO 003', 'A', '86'),
(241, 'TG/2019/001', 'CO 003', 'A', '87'),
(242, 'TG/2019/002', 'CO 003', 'A', '78'),
(243, 'TG/2019/003', 'CO 003', 'A', '82'),
(244, 'TG/2019/004', 'CO 003', 'A', '69'),
(245, 'TG/2019/005', 'CO 003', 'A', '85'),
(246, 'TG/2019/006', 'CO 003', 'A', '88'),
(247, 'TG/2019/007', 'CO 003', 'A', '78'),
(248, 'TG/2019/008', 'CO 003', 'A', '69'),
(249, 'TG/2019/009', 'CO 003', 'A', '58'),
(250, 'TG/2019/010', 'CO 003', 'A', '86'),
(251, 'TG/2019/001', 'CO 004', 'A', '87'),
(252, 'TG/2019/002', 'CO 004', 'A', '78'),
(253, 'TG/2019/003', 'CO 004', 'A', '82'),
(254, 'TG/2019/004', 'CO 004', 'A', '69'),
(255, 'TG/2019/005', 'CO 004', 'A', '85'),
(256, 'TG/2019/006', 'CO 004', 'A', '88'),
(257, 'TG/2019/007', 'CO 004', 'A', '78'),
(258, 'TG/2019/008', 'CO 004', 'A', '69'),
(259, 'TG/2019/009', 'CO 004', 'A', '58'),
(260, 'TG/2019/010', 'CO 004', 'A', '86'),
(261, 'TG/2019/001', 'CO 004', 'A', '87'),
(262, 'TG/2019/002', 'CO 004', 'A', '78'),
(263, 'TG/2019/003', 'CO 004', 'A', '82'),
(264, 'TG/2019/004', 'CO 004', 'A', '69'),
(265, 'TG/2019/005', 'CO 004', 'A', '85'),
(266, 'TG/2019/006', 'CO 004', 'A', '88'),
(267, 'TG/2019/007', 'CO 004', 'A', '78'),
(268, 'TG/2019/008', 'CO 004', 'A', '69'),
(269, 'TG/2019/009', 'CO 004', 'A', '58'),
(270, 'TG/2019/010', 'CO 004', 'A', '86'),
(271, 'TG/2019/001', 'CO 004', 'A', '87'),
(272, 'TG/2019/002', 'CO 004', 'A', '78'),
(273, 'TG/2019/003', 'CO 004', 'A', '82'),
(274, 'TG/2019/004', 'CO 004', 'A', '69'),
(275, 'TG/2019/005', 'CO 004', 'A', '85'),
(276, 'TG/2019/006', 'CO 004', 'A', '88'),
(277, 'TG/2019/007', 'CO 004', 'A', '78'),
(278, 'TG/2019/008', 'CO 004', 'A', '69'),
(279, 'TG/2019/009', 'CO 004', 'A', '58'),
(280, 'TG/2019/010', 'CO 004', 'A', '86'),
(281, 'TG/2019/001', 'CO 005', 'A', '87'),
(282, 'TG/2019/002', 'CO 005', 'A', '78'),
(283, 'TG/2019/003', 'CO 005', 'A', '82'),
(284, 'TG/2019/004', 'CO 005', 'A', '69'),
(285, 'TG/2019/005', 'CO 005', 'A', '85'),
(286, 'TG/2019/006', 'CO 005', 'A', '88'),
(287, 'TG/2019/007', 'CO 005', 'A', '78'),
(288, 'TG/2019/008', 'CO 005', 'A', '69'),
(289, 'TG/2019/009', 'CO 005', 'A', '58'),
(290, 'TG/2019/010', 'CO 005', 'A', '86'),
(291, 'TG/2019/001', 'CO 005', 'A', '87'),
(292, 'TG/2019/002', 'CO 005', 'A', '78'),
(293, 'TG/2019/003', 'CO 005', 'A', '82'),
(294, 'TG/2019/004', 'CO 005', 'A', '69'),
(295, 'TG/2019/005', 'CO 005', 'A', '85'),
(296, 'TG/2019/006', 'CO 005', 'A', '88'),
(297, 'TG/2019/007', 'CO 005', 'A', '78'),
(298, 'TG/2019/008', 'CO 005', 'A', '69'),
(299, 'TG/2019/009', 'CO 005', 'A', '58'),
(300, 'TG/2019/010', 'CO 005', 'A', '86'),
(301, 'TG/2019/001', 'CO 005', 'A', '87'),
(302, 'TG/2019/002', 'CO 005', 'A', '78'),
(303, 'TG/2019/003', 'CO 005', 'A', '82'),
(304, 'TG/2019/004', 'CO 005', 'A', '69'),
(305, 'TG/2019/005', 'CO 005', 'A', '85'),
(306, 'TG/2019/006', 'CO 005', 'A', '88'),
(307, 'TG/2019/007', 'CO 005', 'A', '78'),
(308, 'TG/2019/008', 'CO 005', 'A', '69'),
(309, 'TG/2019/009', 'CO 005', 'A', '58'),
(310, 'TG/2019/010', 'CO 005', 'A', '86'),
(311, 'TG/2019/001', 'CO 006', 'A', '87'),
(312, 'TG/2019/002', 'CO 006', 'A', '78'),
(313, 'TG/2019/003', 'CO 006', 'A', '82'),
(314, 'TG/2019/004', 'CO 006', 'A', '69'),
(315, 'TG/2019/005', 'CO 006', 'A', '85'),
(316, 'TG/2019/006', 'CO 006', 'A', '88'),
(317, 'TG/2019/007', 'CO 006', 'A', '78'),
(318, 'TG/2019/008', 'CO 006', 'A', '69'),
(319, 'TG/2019/009', 'CO 006', 'A', '58'),
(320, 'TG/2019/010', 'CO 006', 'A', '86'),
(321, 'TG/2019/001', 'CO 006', 'A', '87'),
(322, 'TG/2019/002', 'CO 006', 'A', '78'),
(323, 'TG/2019/003', 'CO 006', 'A', '82'),
(324, 'TG/2019/004', 'CO 006', 'A', '69'),
(325, 'TG/2019/005', 'CO 006', 'A', '85'),
(326, 'TG/2019/006', 'CO 006', 'A', '88'),
(327, 'TG/2019/007', 'CO 006', 'A', '78'),
(328, 'TG/2019/008', 'CO 006', 'A', '69'),
(329, 'TG/2019/009', 'CO 006', 'A', '58'),
(330, 'TG/2019/010', 'CO 006', 'A', '86'),
(331, 'TG/2019/001', 'CO 006', 'A', '87'),
(332, 'TG/2019/002', 'CO 006', 'A', '78'),
(333, 'TG/2019/003', 'CO 006', 'A', '82'),
(334, 'TG/2019/004', 'CO 006', 'A', '69'),
(335, 'TG/2019/005', 'CO 006', 'A', '85'),
(336, 'TG/2019/006', 'CO 006', 'A', '88'),
(337, 'TG/2019/007', 'CO 006', 'A', '78'),
(338, 'TG/2019/008', 'CO 006', 'A', '69'),
(339, 'TG/2019/009', 'CO 006', 'A', '58'),
(340, 'TG/2019/010', 'CO 006', 'A', '86'),
(341, 'TG/2019/001', 'CO 001', 'MID', '87'),
(342, 'TG/2019/002', 'CO 001', 'MID', '78'),
(343, 'TG/2019/003', 'CO 001', 'MID', '82'),
(344, 'TG/2019/004', 'CO 001', 'MID', '69'),
(345, 'TG/2019/005', 'CO 001', 'MID', '85'),
(346, 'TG/2019/006', 'CO 001', 'MID', '88'),
(347, 'TG/2019/007', 'CO 001', 'MID', '78'),
(348, 'TG/2019/008', 'CO 001', 'MID', '69'),
(349, 'TG/2019/009', 'CO 001', 'MID', '58'),
(350, 'TG/2019/010', 'CO 001', 'MID', '86'),
(351, 'TG/2019/001', 'CO 002', 'MID', '87'),
(352, 'TG/2019/002', 'CO 002', 'MID', '78'),
(353, 'TG/2019/003', 'CO 002', 'MID', '82'),
(354, 'TG/2019/004', 'CO 002', 'MID', '69'),
(355, 'TG/2019/005', 'CO 002', 'MID', '85'),
(356, 'TG/2019/006', 'CO 002', 'MID', '88'),
(357, 'TG/2019/007', 'CO 002', 'MID', '78'),
(358, 'TG/2019/008', 'CO 002', 'MID', '69'),
(359, 'TG/2019/009', 'CO 002', 'MID', '58'),
(360, 'TG/2019/010', 'CO 002', 'MID', '86'),
(361, 'TG/2019/001', 'CO 003', 'MID', '87'),
(362, 'TG/2019/002', 'CO 003', 'MID', '78'),
(363, 'TG/2019/003', 'CO 003', 'MID', '82'),
(364, 'TG/2019/004', 'CO 003', 'MID', '69'),
(365, 'TG/2019/005', 'CO 003', 'MID', '85'),
(366, 'TG/2019/006', 'CO 003', 'MID', '88'),
(367, 'TG/2019/007', 'CO 003', 'MID', '78'),
(368, 'TG/2019/008', 'CO 003', 'MID', '69'),
(369, 'TG/2019/009', 'CO 003', 'MID', '58'),
(370, 'TG/2019/010', 'CO 003', 'MID', '86'),
(371, 'TG/2019/001', 'CO 001', 'FT', '87'),
(372, 'TG/2019/002', 'CO 001', 'FT', '78'),
(373, 'TG/2019/003', 'CO 001', 'FT', '82'),
(374, 'TG/2019/004', 'CO 001', 'FT', '69'),
(375, 'TG/2019/005', 'CO 001', 'FT', '85'),
(376, 'TG/2019/006', 'CO 001', 'FT', '88'),
(377, 'TG/2019/007', 'CO 001', 'FT', '78'),
(378, 'TG/2019/008', 'CO 001', 'FT', '69'),
(379, 'TG/2019/009', 'CO 001', 'FT', '58'),
(380, 'TG/2019/010', 'CO 001', 'FT', '86'),
(381, 'TG/2019/001', 'CO 002', 'FT', '87'),
(382, 'TG/2019/002', 'CO 002', 'FT', '78'),
(383, 'TG/2019/003', 'CO 002', 'FT', '82'),
(384, 'TG/2019/004', 'CO 002', 'FT', '69'),
(385, 'TG/2019/005', 'CO 002', 'FT', '85'),
(386, 'TG/2019/006', 'CO 002', 'FT', '88'),
(387, 'TG/2019/007', 'CO 002', 'FT', '78'),
(388, 'TG/2019/008', 'CO 002', 'FT', '69'),
(389, 'TG/2019/009', 'CO 002', 'FT', '58'),
(390, 'TG/2019/010', 'CO 002', 'FT', '86'),
(391, 'TG/2019/001', 'CO 003', 'FT', '87'),
(392, 'TG/2019/002', 'CO 003', 'FT', '78'),
(393, 'TG/2019/003', 'CO 003', 'FT', '82'),
(394, 'TG/2019/004', 'CO 003', 'FT', '69'),
(395, 'TG/2019/005', 'CO 003', 'FT', '85'),
(396, 'TG/2019/006', 'CO 003', 'FT', '88'),
(397, 'TG/2019/007', 'CO 003', 'FT', '78'),
(398, 'TG/2019/008', 'CO 003', 'FT', '69'),
(399, 'TG/2019/009', 'CO 003', 'FT', '58'),
(400, 'TG/2019/010', 'CO 003', 'FT', '86'),
(401, 'TG/2019/001', 'CO 004', 'FT', '87'),
(402, 'TG/2019/002', 'CO 004', 'FT', '78'),
(403, 'TG/2019/003', 'CO 004', 'FT', '82'),
(404, 'TG/2019/004', 'CO 004', 'FT', '69'),
(405, 'TG/2019/005', 'CO 004', 'FT', '85'),
(406, 'TG/2019/006', 'CO 004', 'FT', '88'),
(407, 'TG/2019/007', 'CO 004', 'FT', '78'),
(408, 'TG/2019/008', 'CO 004', 'FT', '69'),
(409, 'TG/2019/009', 'CO 004', 'FT', '58'),
(410, 'TG/2019/010', 'CO 004', 'FT', '86'),
(411, 'TG/2019/001', 'CO 005', 'FT', '87'),
(412, 'TG/2019/002', 'CO 005', 'FT', '78'),
(413, 'TG/2019/003', 'CO 005', 'FT', '82'),
(414, 'TG/2019/004', 'CO 005', 'FT', '69'),
(415, 'TG/2019/005', 'CO 005', 'FT', '85'),
(416, 'TG/2019/006', 'CO 005', 'FT', '88'),
(417, 'TG/2019/007', 'CO 005', 'FT', '78'),
(418, 'TG/2019/008', 'CO 005', 'FT', '69'),
(419, 'TG/2019/009', 'CO 005', 'FT', '58'),
(420, 'TG/2019/010', 'CO 005', 'FT', '86'),
(421, 'TG/2019/001', 'CO 006', 'FT', '87'),
(422, 'TG/2019/002', 'CO 006', 'FT', '78'),
(423, 'TG/2019/003', 'CO 006', 'FT', '82'),
(424, 'TG/2019/004', 'CO 006', 'FT', '69'),
(425, 'TG/2019/005', 'CO 006', 'FT', '85'),
(426, 'TG/2019/006', 'CO 006', 'FT', '88'),
(427, 'TG/2019/007', 'CO 006', 'FT', '78'),
(428, 'TG/2019/008', 'CO 006', 'FT', '69'),
(429, 'TG/2019/009', 'CO 006', 'FT', '58'),
(430, 'TG/2019/010', 'CO 006', 'FT', '86'),
(431, 'TG/2019/001', 'CO 001', 'FP', '87'),
(432, 'TG/2019/002', 'CO 001', 'FP', '78'),
(433, 'TG/2019/003', 'CO 001', 'FP', '82'),
(434, 'TG/2019/004', 'CO 001', 'FP', '69'),
(435, 'TG/2019/005', 'CO 001', 'FP', '85'),
(436, 'TG/2019/006', 'CO 001', 'FP', '88'),
(437, 'TG/2019/007', 'CO 001', 'FP', '78'),
(438, 'TG/2019/008', 'CO 001', 'FP', '69'),
(439, 'TG/2019/009', 'CO 001', 'FP', '58'),
(440, 'TG/2019/010', 'CO 001', 'FP', '86'),
(441, 'TG/2019/001', 'CO 002', 'FP', '87'),
(442, 'TG/2019/002', 'CO 002', 'FP', '78'),
(443, 'TG/2019/003', 'CO 002', 'FP', '82'),
(444, 'TG/2019/004', 'CO 002', 'FP', '69'),
(445, 'TG/2019/005', 'CO 002', 'FP', '85'),
(446, 'TG/2019/006', 'CO 002', 'FP', '88'),
(447, 'TG/2019/007', 'CO 002', 'FP', '78'),
(448, 'TG/2019/008', 'CO 002', 'FP', '69'),
(449, 'TG/2019/009', 'CO 002', 'FP', '58'),
(450, 'TG/2019/010', 'CO 002', 'FP', '86'),
(451, 'TG/2019/001', 'CO 003', 'FP', '87'),
(452, 'TG/2019/002', 'CO 003', 'FP', '78'),
(453, 'TG/2019/003', 'CO 003', 'FP', '82'),
(454, 'TG/2019/004', 'CO 003', 'FP', '69'),
(455, 'TG/2019/005', 'CO 003', 'FP', '85'),
(456, 'TG/2019/006', 'CO 003', 'FP', '88'),
(457, 'TG/2019/007', 'CO 003', 'FP', '78'),
(458, 'TG/2019/008', 'CO 003', 'FP', '69'),
(459, 'TG/2019/009', 'CO 003', 'FP', '58'),
(460, 'TG/2019/010', 'CO 003', 'FP', '86'),
(461, 'TG/2019/001', 'CO 004', 'FP', '87'),
(462, 'TG/2019/002', 'CO 004', 'FP', '78'),
(463, 'TG/2019/003', 'CO 004', 'FP', '82'),
(464, 'TG/2019/004', 'CO 004', 'FP', '69'),
(465, 'TG/2019/005', 'CO 004', 'FP', '85'),
(466, 'TG/2019/006', 'CO 004', 'FP', '88'),
(467, 'TG/2019/007', 'CO 004', 'FP', '78'),
(468, 'TG/2019/008', 'CO 004', 'FP', '69'),
(469, 'TG/2019/009', 'CO 004', 'FP', '58'),
(470, 'TG/2019/010', 'CO 004', 'FP', '86'),
(471, 'TG/2019/001', 'CO 005', 'FP', '87'),
(472, 'TG/2019/002', 'CO 005', 'FP', '78'),
(473, 'TG/2019/003', 'CO 005', 'FP', '82'),
(474, 'TG/2019/004', 'CO 005', 'FP', '69'),
(475, 'TG/2019/005', 'CO 005', 'FP', '85'),
(476, 'TG/2019/006', 'CO 005', 'FP', '88'),
(477, 'TG/2019/007', 'CO 005', 'FP', '78'),
(478, 'TG/2019/008', 'CO 005', 'FP', '69'),
(479, 'TG/2019/009', 'CO 005', 'FP', '58'),
(480, 'TG/2019/010', 'CO 005', 'FP', '86'),
(481, 'TG/2019/001', 'CO 006', 'FP', '87'),
(482, 'TG/2019/002', 'CO 006', 'FP', '78'),
(483, 'TG/2019/003', 'CO 006', 'FP', '82'),
(484, 'TG/2019/004', 'CO 006', 'FP', '69'),
(485, 'TG/2019/005', 'CO 006', 'FP', '85'),
(486, 'TG/2019/006', 'CO 006', 'FP', '88'),
(487, 'TG/2019/007', 'CO 006', 'FP', '78'),
(488, 'TG/2019/008', 'CO 006', 'FP', '69'),
(489, 'TG/2019/009', 'CO 006', 'FP', '58'),
(490, 'TG/2019/010', 'CO 006', 'FP', '86'),
(491, 'TG/2019/001', 'CO 001', 'A', '75'),
(492, 'TG/2019/001', 'CO 001', 'A', '85'),
(493, 'TG/2019/001', 'CO 001', 'A', '75');

-- --------------------------------------------------------

--
-- Table structure for table `lectures`
--

DROP TABLE IF EXISTS `lectures`;
CREATE TABLE IF NOT EXISTS `lectures` (
  `lec_id` varchar(20) NOT NULL,
  `f_name` varchar(255) NOT NULL,
  `l_name` varchar(255) NOT NULL,
  `address_l1` varchar(255) NOT NULL,
  `address_l2` varchar(255) NOT NULL,
  `gender` varchar(10) NOT NULL,
  `dob` date NOT NULL,
  `phone_num` varchar(15) NOT NULL,
  `position` varchar(20) NOT NULL,
  `dep_id` varchar(5) NOT NULL,
  PRIMARY KEY (`lec_id`)
) ENGINE=InnoDB DEFAULT CHARSET=utf8;

--
-- Dumping data for table `lectures`
--

INSERT INTO `lectures` (`lec_id`, `f_name`, `l_name`, `address_l1`, `address_l2`, `gender`, `dob`, `phone_num`, `position`, `dep_id`) VALUES
('LEC/001', 'S.M.Danushka Madhuwantha', 'Suriyakumara', 'No.52, Galhitiyawa', 'Munamalgamuwa', 'Male', '1971-02-15', '0758945685', 'Senior professor', 'ICT'),
('LEC/002', 'B.M. Kamal Gunarathna', 'Bandaranayaka', 'No:25, kelediwulwewa ', 'Eppawala', 'Male', '1965-08-25', '0789654879', 'Senior professor', 'ICT'),
('LEC/003', 'D.A. Samanthi', 'Darmasuriya', 'NO.25/100, New lane', 'Kandy', 'Female', '1965-10-02', '0725689752', 'Professor', 'ET'),
('LEC/004', 'A.M. Nithya', 'Dhulanjaly', 'NO. 65, Kumara road,', 'Madakalapuwa', 'Female', '1956-11-11', '0764587965', 'Professor', 'BST');

-- --------------------------------------------------------

--
-- Table structure for table `lectures_email`
--

DROP TABLE IF EXISTS `lectures_email`;
CREATE TABLE IF NOT EXISTS `lectures_email` (
  `le_lec_id` varchar(15) NOT NULL,
  `le_email` varchar(255) NOT NULL,
  PRIMARY KEY (`le_lec_id`)
) ENGINE=InnoDB DEFAULT CHARSET=utf8;

--
-- Dumping data for table `lectures_email`
--

INSERT INTO `lectures_email` (`le_lec_id`, `le_email`) VALUES
('LEC/001', 'danushka@email.com'),
('LEC/002', 'kamal@email.com'),
('LEC/003', 'samanthi@email.com'),
('LEC/004', 'nithya@email.com');

-- --------------------------------------------------------

--
-- Table structure for table `log_user`
--

DROP TABLE IF EXISTS `log_user`;
CREATE TABLE IF NOT EXISTS `log_user` (
  `Id` int(11) NOT NULL AUTO_INCREMENT,
  `Uname` varchar(50) NOT NULL,
  `Password` varchar(100) NOT NULL,
  `Role` int(11) NOT NULL COMMENT 'Admin-1/Lecture-2/Demo-3/Student-4',
  PRIMARY KEY (`Id`)
) ENGINE=MyISAM AUTO_INCREMENT=17 DEFAULT CHARSET=latin1;

--
-- Dumping data for table `log_user`
--

INSERT INTO `log_user` (`Id`, `Uname`, `Password`, `Role`) VALUES
(13, 'AD100', 'Kavi@@123', 1),
(14, 'TO/001', 'Tech123', 3),
(15, 'TG/2019/001', 'Stu123', 4),
(16, 'LEC/001', 'Lec123', 2);

-- --------------------------------------------------------

--
-- Table structure for table `medical`
--

DROP TABLE IF EXISTS `medical`;
CREATE TABLE IF NOT EXISTS `medical` (
  `med_id` int(11) NOT NULL AUTO_INCREMENT,
  `med_start_day` date NOT NULL,
  `med_end_day` date NOT NULL,
  `med_st_id` varchar(20) NOT NULL,
  `med_cmod_id` varchar(10) NOT NULL,
  `med_condition` varchar(20) NOT NULL,
  PRIMARY KEY (`med_id`)
) ENGINE=InnoDB AUTO_INCREMENT=3 DEFAULT CHARSET=utf8;

--
-- Dumping data for table `medical`
--

INSERT INTO `medical` (`med_id`, `med_start_day`, `med_end_day`, `med_st_id`, `med_cmod_id`, `med_condition`) VALUES
(1, '2021-05-02', '2021-05-05', 'TG/2019/001', 'CO 001', 'Approved'),
(2, '2022-05-17', '2022-05-25', 'TG/2019/481', 'CO 003', 'Reject');

-- --------------------------------------------------------

--
-- Table structure for table `notice`
--

DROP TABLE IF EXISTS `notice`;
CREATE TABLE IF NOT EXISTS `notice` (
  `Notice_ID` varchar(10) NOT NULL,
  `Subject` varchar(50) DEFAULT NULL,
  `Content` varchar(200) DEFAULT NULL,
  `DATE` varchar(20) DEFAULT NULL,
  PRIMARY KEY (`Notice_ID`)
) ENGINE=MyISAM DEFAULT CHARSET=latin1;

--
-- Dumping data for table `notice`
--

INSERT INTO `notice` (`Notice_ID`, `Subject`, `Content`, `DATE`) VALUES
('N001', 'Web Technologies', 'Level_1_semester-1 Exam time table revised', '2022.03.20'),
('N002', 'Professional Issues in IT', 'CA results of above module has been published.', '2022.04.19'),
('N003', 'Mechatronics control and Technologists', 'The quiz has been rescheduled on next week.', '2022.04.20'),
('N004', 'Creativity Innovation and Entrepreneurship', 'The answer for the question is attach to hear.', '2022.05.04'),
('N005', 'Objet Oriented Analysis and Design', 'Quiz 02 of this subject will be held on 1st of may 2022 at 2.30PM.', '2022.05.07'),
('N006', 'PC Applications and Computer Laboratory', 'Practical examination will be conducted online tomorrow at 1.00PM.', '2022.05.10'),
('N007', 'Nanotechnology', 'The Quiz will be based on the content covered during the first 3 weeks.', '2022.06.04'),
('N008', 'Cloud Computing', 'Please find CA results of Cloud Computing under CA results section', '2022.06.15'),
('N009', 'Polymer Materials', 'You will have workshop tomorrow 8.00AM.', '2022.03.20'),
('N010', 'Indigenous Knowledge in Biosystems Management', 'Please be informed that the revision class will be conducted tomorrow.', '2022.06.20'),
('N011', 'This is test', 'This is test', '2022/05/16 15:09:24'),
('N015', 'This is test', 'This is test', '2022/05/16 15:09:24'),
('N100', 'idkjsd', 'pmnsakdnsad', '2022/05/16 15:26:00'),
('N101', 'helo', 'heloo this is test', '2022/05/16 15:34:03');

-- --------------------------------------------------------

--
-- Table structure for table `students`
--

DROP TABLE IF EXISTS `students`;
CREATE TABLE IF NOT EXISTS `students` (
  `index_num` varchar(20) NOT NULL,
  `f_name` varchar(255) NOT NULL,
  `l_name` varchar(255) NOT NULL,
  `address_l1` varchar(255) NOT NULL,
  `address_l2` varchar(255) NOT NULL,
  `gender` varchar(10) NOT NULL,
  `dob` date NOT NULL,
  `phone_num` varchar(15) NOT NULL,
  `st_type` varchar(15) NOT NULL,
  `dep_id` varchar(5) NOT NULL,
  `level` int(11) NOT NULL,
  `current_sem` int(11) NOT NULL,
  PRIMARY KEY (`index_num`)
) ENGINE=InnoDB DEFAULT CHARSET=utf8;

--
-- Dumping data for table `students`
--

INSERT INTO `students` (`index_num`, `f_name`, `l_name`, `address_l1`, `address_l2`, `gender`, `dob`, `phone_num`, `st_type`, `dep_id`, `level`, `current_sem`) VALUES
('TG/2019/001', 'K.M. Sampath', 'Perera', '75,Main road', 'Galle', 'Male', '1995-08-09', '0774589563', 'Present', 'ICT', 1, 1),
('TG/2019/002', 'M.M. Asela', 'Gamage', '5B,beach road', 'Matara', 'Male', '1998-06-05', '0774576892', 'Present', 'ICT', 1, 1),
('TG/2019/003', 'A.G, Kelum', 'Bandara', '45,Cristal lane', 'Gampaha', 'Male', '1990-04-02', '0713698575', 'Present', 'ICT', 1, 1),
('TG/2019/004', 'H.M. Kumara', 'Dilruk', '36,Main road', 'Colombo', 'Male', '1999-04-04', '0707782111', 'Present', 'ICT', 1, 1),
('TG/2019/005', 'Y.M. Sandun', 'Dasanayaka', '12,1st Avenue', 'Jaffna', 'Male', '1999-07-01', '0701548799', 'Present', 'ICT', 1, 1),
('TG/2019/006', 'A.M. Nethmini', 'Perera', '4B,2nd Avenue', 'Nuwara Eliya', 'Female', '1999-03-07', '0711211454', 'Present', 'ET', 2, 1),
('TG/2019/007', 'G.M. Kamala', 'Disanayaka', '88,Madara road', 'Kaluthara', 'Female', '1999-01-07', '0718766214', 'Present', 'ET', 2, 1),
('TG/2019/008', 'T.M. Priyadarshan', 'Udugama', '65,Kasal lane', 'Negombo', 'Female', '1999-04-03', '0784816235', 'Present', 'ET', 2, 1),
('TG/2019/009', 'H.M. Nadeera', 'Wihanga', '46,5th lane', 'Kandy', 'Male', '1999-07-02', '0788745132', 'Repeat', 'BST', 1, 2),
('TG/2019/010', 'A.A. Praveen', 'Hewage', '25,8th lane', 'Kandy', 'Male', '1999-03-07', '0778877124', 'Repeat', 'BST', 1, 2);

-- --------------------------------------------------------

--
-- Table structure for table `student_course_module`
--

DROP TABLE IF EXISTS `student_course_module`;
CREATE TABLE IF NOT EXISTS `student_course_module` (
  `stmod_id` int(11) NOT NULL AUTO_INCREMENT,
  `stmod_st_id` varchar(20) NOT NULL,
  `stmod_cmod_id` varchar(10) NOT NULL,
  PRIMARY KEY (`stmod_id`)
) ENGINE=InnoDB AUTO_INCREMENT=61 DEFAULT CHARSET=utf8;

--
-- Dumping data for table `student_course_module`
--

INSERT INTO `student_course_module` (`stmod_id`, `stmod_st_id`, `stmod_cmod_id`) VALUES
(1, 'TG/2019/001', 'CO 001'),
(2, 'TG/2019/001', 'CO 002'),
(3, 'TG/2019/001', 'CO 003'),
(4, 'TG/2019/001', 'CO 004'),
(6, 'TG/2019/001', 'CO 006'),
(7, 'TG/2019/002', 'CO 001'),
(8, 'TG/2019/002', 'CO 002'),
(9, 'TG/2019/002', 'CO 003'),
(10, 'TG/2019/002', 'CO 004'),
(12, 'TG/2019/002', 'CO 006'),
(13, 'TG/2019/003', 'CO 001'),
(14, 'TG/2019/003', 'CO 002'),
(15, 'TG/2019/003', 'CO 003'),
(16, 'TG/2019/003', 'CO 004'),
(18, 'TG/2019/003', 'CO 006'),
(19, 'TG/2019/004', 'CO 001'),
(20, 'TG/2019/004', 'CO 002'),
(21, 'TG/2019/004', 'CO 003'),
(22, 'TG/2019/004', 'CO 004'),
(24, 'TG/2019/004', 'CO 006'),
(25, 'TG/2019/005', 'CO 001'),
(26, 'TG/2019/005', 'CO 002'),
(27, 'TG/2019/005', 'CO 003'),
(28, 'TG/2019/005', 'CO 004'),
(30, 'TG/2019/005', 'CO 006'),
(31, 'TG/2019/006', 'CO 001'),
(32, 'TG/2019/006', 'CO 002'),
(33, 'TG/2019/006', 'CO 003'),
(34, 'TG/2019/006', 'CO 004'),
(36, 'TG/2019/006', 'CO 006'),
(37, 'TG/2019/007', 'CO 001'),
(38, 'TG/2019/007', 'CO 002'),
(39, 'TG/2019/007', 'CO 003'),
(40, 'TG/2019/007', 'CO 004'),
(42, 'TG/2019/007', 'CO 006'),
(43, 'TG/2019/008', 'CO 001'),
(44, 'TG/2019/008', 'CO 002'),
(45, 'TG/2019/008', 'CO 003'),
(46, 'TG/2019/008', 'CO 004'),
(48, 'TG/2019/008', 'CO 006'),
(49, 'TG/2019/009', 'CO 001'),
(50, 'TG/2019/009', 'CO 002'),
(51, 'TG/2019/009', 'CO 003'),
(52, 'TG/2019/009', 'CO 004'),
(54, 'TG/2019/009', 'CO 006'),
(55, 'TG/2019/010', 'CO 001'),
(56, 'TG/2019/010', 'CO 002'),
(57, 'TG/2019/010', 'CO 003'),
(58, 'TG/2019/010', 'CO 004'),
(60, 'TG/2019/010', 'CO 006');

-- --------------------------------------------------------

--
-- Table structure for table `student_email`
--

DROP TABLE IF EXISTS `student_email`;
CREATE TABLE IF NOT EXISTS `student_email` (
  `se_st_id` varchar(20) NOT NULL,
  `se_email` varchar(255) NOT NULL,
  PRIMARY KEY (`se_st_id`)
) ENGINE=InnoDB DEFAULT CHARSET=utf8;

--
-- Dumping data for table `student_email`
--

INSERT INTO `student_email` (`se_st_id`, `se_email`) VALUES
('TG/2019/001', 'Sampath123@gmail.com'),
('TG/2019/002', 'Asela@gmail.com'),
('TG/2019/003', 'Kelum@gmail.com'),
('TG/2019/004', 'Kumara@gmail.com'),
('TG/2019/005', 'Sandun@gmail.com'),
('TG/2019/006', 'Nethmini@gmail.com'),
('TG/2019/007', 'Kamala@gmail.com'),
('TG/2019/008', 'Priyadarshani@gmail.com'),
('TG/2019/009', 'Nadeera@gmail.com'),
('TG/2019/010', 'Praveen@gmail.com');

-- --------------------------------------------------------

--
-- Table structure for table `technical_officers`
--

DROP TABLE IF EXISTS `technical_officers`;
CREATE TABLE IF NOT EXISTS `technical_officers` (
  `to_id` varchar(20) NOT NULL,
  `f_name` varchar(255) NOT NULL,
  `l_name` varchar(255) NOT NULL,
  `address_l1` varchar(255) NOT NULL,
  `address_l2` varchar(255) NOT NULL,
  `gender` varchar(10) NOT NULL,
  `dob` date NOT NULL,
  `phone_num` varchar(15) NOT NULL,
  `dep_id` varchar(5) NOT NULL,
  PRIMARY KEY (`to_id`)
) ENGINE=InnoDB DEFAULT CHARSET=utf8;

--
-- Dumping data for table `technical_officers`
--

INSERT INTO `technical_officers` (`to_id`, `f_name`, `l_name`, `address_l1`, `address_l2`, `gender`, `dob`, `phone_num`, `dep_id`) VALUES
('TO/001', 'J.K. Chamod Induwara', 'Karunarthna', 'No.52, Galhitiyawa', '\r Munamalgamuwa', 'Male', '1975-05-15', '0768945685', 'ICT'),
('TO/002', 'A.M. Wasantha', 'Adhikari', 'No:25, kelediwulwewa ', 'Eppawala', 'Male', '1979-05-25', '0729654879', 'ICT'),
('TO/003', 'A.A. Samudra', 'Ahelepola', 'NO.25/100, main road', 'Kandy', 'Female', '1965-10-02', '0755689752', 'ET'),
('TO/004', 'K.M. Sachini', 'Kularathna', 'NO. 65, Kumara road,', 'Madakalapuwa', 'Female', '1956-11-11', '0724587965', 'BST');

-- --------------------------------------------------------

--
-- Table structure for table `technical_officers_email`
--

DROP TABLE IF EXISTS `technical_officers_email`;
CREATE TABLE IF NOT EXISTS `technical_officers_email` (
  `te_to_id` varchar(15) NOT NULL,
  `te_email` varchar(255) NOT NULL,
  PRIMARY KEY (`te_to_id`)
) ENGINE=InnoDB DEFAULT CHARSET=utf8;

--
-- Dumping data for table `technical_officers_email`
--

INSERT INTO `technical_officers_email` (`te_to_id`, `te_email`) VALUES
('TO/001', 'chamod@email.com'),
('TO/002', 'wasantha@email.com'),
('TO/003', 'samudra@email.com'),
('TO/004', 'sachini@email.com');

-- --------------------------------------------------------

--
-- Table structure for table `time_table`
--

DROP TABLE IF EXISTS `time_table`;
CREATE TABLE IF NOT EXISTS `time_table` (
  `Time_Table_id` int(11) NOT NULL AUTO_INCREMENT,
  `Department_ID` varchar(10) NOT NULL,
  `Level` int(11) NOT NULL,
  `Semester` varchar(5) NOT NULL,
  `Date` varchar(10) NOT NULL,
  `Subject_Name` varchar(60) NOT NULL,
  `Start_time` varchar(20) NOT NULL,
  `End_time` varchar(20) NOT NULL,
  `Location` varchar(20) NOT NULL,
  `Type` varchar(10) NOT NULL,
  PRIMARY KEY (`Time_Table_id`)
) ENGINE=MyISAM AUTO_INCREMENT=45 DEFAULT CHARSET=latin1;

--
-- Dumping data for table `time_table`
--

INSERT INTO `time_table` (`Time_Table_id`, `Department_ID`, `Level`, `Semester`, `Date`, `Subject_Name`, `Start_time`, `End_time`, `Location`, `Type`) VALUES
(29, 'ICT', 4, '1', 'Thursday', 'Communication for Technologists', '08:00AM', '10:00AM', 'Lab11', 'theory'),
(28, 'ICT', 4, '1', 'Wednesday', 'Creativity Innovation and Entrepreneurship', '11:00AM', '01:00PM', 'Lab11', 'theory'),
(27, 'ICT', 4, '1', 'Tuesday', 'Artificial Intellingence', '09:00AM', '11:00AM', 'Lab11', 'Practical'),
(26, 'ICT', 4, '1', 'Monday', 'Cloud Computing', '08:00AM', '10:00AM', 'Lab12', 'theory'),
(25, 'ICT', 3, '1', 'Friday', 'Human Computer Interaction', '08:00AM', '10:00AM', 'Lab12', 'Practical'),
(24, 'ICT', 3, '1', 'Thursday', 'Mobile Computing Principles', '10:00AM', '12:00PM', 'Lab11', 'theory'),
(23, 'ICT', 3, '1', 'Wednesday', 'Software Testing Methods and Tools', '08:00AM', '10:00AM', 'Lab11', 'Practical'),
(22, 'ICT', 3, '1', 'Tuesday', 'IT Project Management', '09:00AM', '11:00AM', 'Lab11', 'theory'),
(21, 'ICT', 3, '1', 'Monday', 'Advanced Programming in java/C++', '09:00AM', '11:00AM', 'Lab12', 'theory'),
(20, 'ICT', 1, '2', 'Friday', 'Database Management System', '09:00AM', '11:00AM', 'Lab11', 'Practical'),
(19, 'ICT', 1, '2', 'Thursday', 'Computer Architecture', '08:00AM', '10:00AM', 'NBSLT', 'theory'),
(18, 'ICT', 1, '2', 'Wednesday', 'Fundamentals of Management', '08:00AM', '10:00AM', 'NBLLT', 'theory'),
(17, 'ICT', 1, '2', 'Tuesday', 'Management Information System', '02:00PM', '05:00PM', 'Lab12', 'theory'),
(16, 'ICT', 1, '2', 'Monday', 'Computer Laboratory', '08:00AM', '11:00AM', 'Lab11', 'theory'),
(15, 'BST', 2, '2', 'Friday', 'Gene Technology', '08:00AM', '10:00AM', 'Lab4', 'Practical'),
(14, 'BST', 2, '2', 'Thursday', 'Nanotechnology', '02:00PM', '04:00PM', 'Lab4', 'Practical'),
(13, 'BST', 2, '2', 'Wednesday', 'Indigenous Knowledge in Biosystems Management', '09:00AM', '11:00AM', 'LIT', 'theory'),
(12, 'BST', 2, '2', 'Tuesday', 'Geoinformatics for Biosystems', '10:00AM', '11:00AM', 'NBLLT', 'theory'),
(11, 'BST', 2, '2', 'Monday', 'Conservation Technologies', '08:00AM', '10:00AM', 'Lab11', 'theory'),
(10, 'ICT', 2, '1', 'Friday', 'Professional Issues in IT', '10:00AM', '01:00PM', 'ILT', 'theory'),
(9, 'ICT', 2, '1', 'Thursday', 'Internet Application Development', '01:00PM', '03:00PM', 'Lab11', 'Practical'),
(8, 'ICT', 2, '1', 'Wednesday', 'Objet Oriented Analysis and Design', '08:00AM', '11:00AM', 'lab12', 'theory'),
(7, 'ICT', 2, '1', 'Tuesday', 'Objet Oriented Development', '10:00AM', '12:00PM', 'LabII', 'theory'),
(6, 'ICT', 2, '1', 'Monday', 'Data Structures and Algorithms', '08:00AM', '10:00AM', 'LabII', 'Practical'),
(5, 'ICT', 1, '1', 'Friday', 'Foundation Mathematics', '09:00AM', '11:00AM', 'NBSLT', 'theory'),
(4, 'ICT', 1, '1', 'Thursday', 'Web Technologies', '08:00AM', '10:00AM', 'ILT', 'theory'),
(3, 'ICT', 1, '1', 'Wednesday', 'Fundamentals of Computer Programming', '12:00PM', '02:00PM', 'Lab11', 'Practical'),
(2, 'ICT', 1, '1', 'Tuesday', 'PC Applications and Computer Laboratory', '09:00AM', '11:00AM', 'Lab11', 'theory'),
(1, 'ICT', 1, '1', 'Monday', 'Essential of ICT', '08:00AM', '10:00AM', 'Lab12', 'theory'),
(30, 'ICT', 4, '1', 'Friday', 'Industrial Sociology', '08:00AM', '11:00AM', 'lab12', 'theory'),
(31, 'ET', 4, '1', 'Monday', 'Polymer Materials', '08:00AM', '10:00AM', 'Lab8', 'theory'),
(32, 'ET', 4, '1', 'Tuesday', 'Mechanics of Machine', '10:00AM', '01:00PM', 'Lab6', 'Practical'),
(33, 'ET', 4, '1', 'Wednesday', 'Mechatronics control and Technologists', '09:00AM', '10:00AM', 'Lab8', 'theory'),
(34, 'ET', 4, '1', 'Thursday', 'Eletronic System Design', '02:00PM', '04:00PM', 'Lab6', 'theory'),
(35, 'ET', 4, '1', 'Friday', 'Machine Design', '08:00AM', '10:00AM', 'Lab6', 'Practical'),
(36, 'ICT', 3, '1', 'Tuesday', 'Data Structure', '1.00pm', '3.00pm', 'NLLBT', 'Theory'),
(38, 'ICT', 1, '1', 'Monday', 'C Programming', '8.00am', '10.00am', 'LAB12', 'Theory'),
(39, 'ICT', 1, '1', 'Monday', 'Web Technology', '10.00am', '12.00pm', 'LAB12', 'Patrical'),
(40, 'ICT', 1, '1', 'Monday', 'Mathematics', '1.00pm', '3.00pm', 'NLLBT', 'Theory'),
(41, 'ICT', 1, '1', 'Tuesday', 'Data Structure', '1.00pm', '3.00pm', 'NLLBT', 'Theory'),
(42, 'ICT', 1, '1', 'Wednesday', 'System Analysis and Design', '1.00pm', '3.00pm', 'ICT Lab 21', 'Theory'),
(43, 'ICT', 1, '1', 'Thursday', 'Web Technology', '1.00pm', '4.00pm', 'ICT Lab 12', 'Practical'),
(44, 'ICT', 1, '1', 'Friday', 'System Analysis and Design', '1.00pm', '3.00pm', 'NLLBT', 'Theory');

-- --------------------------------------------------------

--
-- Structure for view `allstattendanceandca`
--
DROP TABLE IF EXISTS `allstattendanceandca`;

DROP VIEW IF EXISTS `allstattendanceandca`;
CREATE ALGORITHM=UNDEFINED DEFINER=`root`@`localhost` SQL SECURITY DEFINER VIEW `allstattendanceandca`  AS  select `students`.`index_num` AS `index_num`,`students`.`f_name` AS `f_name`,`students`.`l_name` AS `l_name`,`attendance`.`atte_level` AS `Attendance`,`exam_marks`.`exm_cmod_id` AS `exm_cmod_id`,`exam_marks`.`exm_score` AS `CA_Marks` from ((`students` join `attendance`) join `exam_marks`) where ((`students`.`index_num` = `attendance`.`atte_st_id`) and (`students`.`index_num` = `exam_marks`.`exm_st_id`) and (`exam_marks`.`exm_type` = 'Q')) group by `students`.`index_num` ;

-- --------------------------------------------------------

--
-- Structure for view `attendance_summary`
--
DROP TABLE IF EXISTS `attendance_summary`;

DROP VIEW IF EXISTS `attendance_summary`;
CREATE ALGORITHM=UNDEFINED DEFINER=`root`@`localhost` SQL SECURITY DEFINER VIEW `attendance_summary`  AS  select `attendance`.`atte_st_id` AS `Index_Number`,`students`.`f_name` AS `First_Name`,`students`.`l_name` AS `Last_Name`,count(`attendance`.`atte_level`) AS `Student_Attendance` from (`attendance` left join `students` on((`attendance`.`atte_st_id` = `students`.`index_num`))) where (`attendance`.`atte_level` = 1) group by `attendance`.`atte_st_id` ;

-- --------------------------------------------------------

--
-- Structure for view `ca_summary`
--
DROP TABLE IF EXISTS `ca_summary`;

DROP VIEW IF EXISTS `ca_summary`;
CREATE ALGORITHM=UNDEFINED DEFINER=`root`@`localhost` SQL SECURITY DEFINER VIEW `ca_summary`  AS  select `students`.`f_name` AS `f_name`,round((sum(`exam_marks`.`exm_score`) / count(`exam_marks`.`exm_score`)),0) AS `CA_Average` from (`exam_marks` left join `students` on((`exam_marks`.`exm_st_id` = `students`.`index_num`))) where (`exam_marks`.`exm_type` = 'Q') group by `exam_marks`.`exm_st_id` ;
COMMIT;

/*!40101 SET CHARACTER_SET_CLIENT=@OLD_CHARACTER_SET_CLIENT */;
/*!40101 SET CHARACTER_SET_RESULTS=@OLD_CHARACTER_SET_RESULTS */;
/*!40101 SET COLLATION_CONNECTION=@OLD_COLLATION_CONNECTION */;
